INSERT INTO [authorization].[operations] ([opr_id], [code], [enabled]) VALUES (1, N'LoginOperation', 1)

INSERT INTO [authorization].[operations] ([opr_id], [code], [enabled]) VALUES (2, N'LogoutOperation', 1)

INSERT INTO [authorization].[operations] ([opr_id], [code], [enabled]) VALUES (3, N'OpenObsoleteDocumentOperation', 1)

INSERT INTO [authorization].[operations] ([opr_id], [code], [enabled]) VALUES (4, N'GetUserDocumentHeadersOperation', 1)

INSERT INTO [authorization].[operations] ([opr_id], [code], [enabled]) VALUES (5, N'GetComplianceDocumentHeadersOperation', 1)

INSERT INTO [authorization].[operations] ([opr_id], [code], [enabled]) VALUES (6, N'CreatePadSelfCertificateOperation', 1)

INSERT INTO [authorization].[operations] ([opr_id], [code], [enabled]) VALUES (7, N'OpenPadSelfCertificateOperation', 1)

INSERT INTO [authorization].[operations] ([opr_id], [code], [enabled]) VALUES (8, N'SavePadSelfCertificateOperation', 1)

INSERT INTO [authorization].[operations] ([opr_id], [code], [enabled]) VALUES (9, N'DeletePadSelfCertificateOperation', 1)

INSERT INTO [authorization].[operations] ([opr_id], [code], [enabled]) VALUES (10, N'GetBrokerListOperation', 1)

INSERT INTO [authorization].[operations] ([opr_id], [code], [enabled]) VALUES (11, N'GetDealBrokerListOperation', 1)

INSERT INTO [authorization].[operations] ([opr_id], [code], [enabled]) VALUES (12, N'GetBrokerAccountTypeListOperation', 1)

INSERT INTO [authorization].[operations] ([opr_id], [code], [enabled]) VALUES (13, N'GetSecurityTypeListOperation', 1)

INSERT INTO [authorization].[operations] ([opr_id], [code], [enabled]) VALUES (14, N'GetPadCertificationsOperation', 1)

INSERT INTO [authorization].[operations] ([opr_id], [code], [enabled]) VALUES (15, N'GetPadDealOperation', 1)

INSERT INTO [authorization].[operations] ([opr_id], [code], [enabled]) VALUES (16, N'GetPadDealStatusListOperation', 1)

INSERT INTO [authorization].[operations] ([opr_id], [code], [enabled]) VALUES (17, N'CreatePadDealOperation', 1)

INSERT INTO [authorization].[operations] ([opr_id], [code], [enabled]) VALUES (18, N'GetEmployeeListOperation', 1)

INSERT INTO [authorization].[operations] ([opr_id], [code], [enabled]) VALUES (19, N'GetApplicantListOperation', 1)

INSERT INTO [authorization].[operations] ([opr_id], [code], [enabled]) VALUES (20, N'GetFinancialInstrumentListOperation', 1)

INSERT INTO [authorization].[operations] ([opr_id], [code], [enabled]) VALUES (21, N'GetOrderDirectionListOperation', 1)

INSERT INTO [authorization].[operations] ([opr_id], [code], [enabled]) VALUES (22, N'GetOrderTypeListOperation', 1)

INSERT INTO [authorization].[operations] ([opr_id], [code], [enabled]) VALUES (23, N'SavePadDealOperation', 1)

INSERT INTO [authorization].[operations] ([opr_id], [code], [enabled]) VALUES (24, N'OpenPadDealOperation', 1)

INSERT INTO [authorization].[operations] ([opr_id], [code], [enabled]) VALUES (25, N'DeletePadDealOperation', 1)

INSERT INTO [authorization].[operations] ([opr_id], [code], [enabled]) VALUES (26, N'SendToReviewPadDealOperation', 1)

INSERT INTO [authorization].[operations] ([opr_id], [code], [enabled]) VALUES (27, N'ReviewAsManagerPadDealOperation', 1)

INSERT INTO [authorization].[operations] ([opr_id], [code], [enabled]) VALUES (28, N'RejectAsManagerPadDealOperation', 1)

INSERT INTO [authorization].[operations] ([opr_id], [code], [enabled]) VALUES (29, N'ReturnAsManagerPadDealOperation', 1)

INSERT INTO [authorization].[operations] ([opr_id], [code], [enabled]) VALUES (30, N'ReviewAsCOPadDealOperation', 1)

INSERT INTO [authorization].[operations] ([opr_id], [code], [enabled]) VALUES (31, N'RejectAsCOPadDealOperation', 1)

INSERT INTO [authorization].[operations] ([opr_id], [code], [enabled]) VALUES (32, N'ReturnAsCOPadDealOperation', 1)

INSERT INTO [authorization].[operations] ([opr_id], [code], [enabled]) VALUES (33, N'CreatePadReceiptOperation', 1)

INSERT INTO [authorization].[operations] ([opr_id], [code], [enabled]) VALUES (34, N'SavePadReceiptOperation', 1)

INSERT INTO [authorization].[operations] ([opr_id], [code], [enabled]) VALUES (35, N'DeletePadReceiptOperation', 1)

INSERT INTO [authorization].[operations] ([opr_id], [code], [enabled]) VALUES (36, N'OpenPadReceiptOperation', 1)

INSERT INTO [authorization].[operations] ([opr_id], [code], [enabled]) VALUES (37, N'GetPadReceiptsOperation', 1)

INSERT INTO [authorization].[operations] ([opr_id], [code], [enabled]) VALUES (38, N'GetBrokerAccountTreeOperation', 1)

INSERT INTO [authorization].[operations] ([opr_id], [code], [enabled]) VALUES (39, N'SetApproveDateOperation', 1)

INSERT INTO [authorization].[operations] ([opr_id], [code], [enabled]) VALUES (40, N'GetPadCreateApplicationsOperation', 1)

INSERT INTO [authorization].[operations] ([opr_id], [code], [enabled]) VALUES (41, N'GetIssuerListOperation', 1)

INSERT INTO [authorization].[operations] ([opr_id], [code], [enabled]) VALUES (42, N'GetInstrumentTypesListOperation', 1)

INSERT INTO [authorization].[operations] ([opr_id], [code], [enabled]) VALUES (43, N'CanAddPadSelfCertificateOperation', 1)

INSERT INTO [authorization].[operations] ([opr_id], [code], [enabled]) VALUES (44, N'GetPadOnReestrSCOperation', 1)

INSERT INTO [authorization].[operations] ([opr_id], [code], [enabled]) VALUES (45, N'GetPadOnReestrDealOperation', 1)

INSERT INTO [authorization].[operations] ([opr_id], [code], [enabled]) VALUES (46, N'GetPadOnReestrReceiptOperation', 1)

INSERT INTO [authorization].[operations] ([opr_id], [code], [enabled]) VALUES (47, N'GetCertReestrTypesListOperation', 1)

INSERT INTO [authorization].[operations] ([opr_id], [code], [enabled]) VALUES (48, N'GetEmployerListOperation', 1)

INSERT INTO [authorization].[operations] ([opr_id], [code], [enabled]) VALUES (49, N'BrokerageAccountExistOperation', 1)

INSERT INTO [authorization].[operations] ([opr_id], [code], [enabled]) VALUES (50, N'GetUsersInfoOperation', 1)

INSERT INTO [authorization].[operations] ([opr_id], [code], [enabled]) VALUES (51, N'GetUsersListOperation', 1)

INSERT INTO [authorization].[operations] ([opr_id], [code], [enabled]) VALUES (52, N'GetLoginNamesOperation', 1)

INSERT INTO [authorization].[operations] ([opr_id], [code], [enabled]) VALUES (53, N'GetMicroserviceStatusOperation', 1)

INSERT INTO [authorization].[operations] ([opr_id], [code], [enabled]) VALUES (54, N'GetLoadsStatusOperation', 1)

INSERT INTO [authorization].[operations] ([opr_id], [code], [enabled]) VALUES (55, N'GetUserOperationsStatusOperation', 1)

INSERT INTO [authorization].[operations] ([opr_id], [code], [enabled]) VALUES (56, N'GetSystemSettingsOperation', 1)

INSERT INTO [authorization].[operations] ([opr_id], [code], [enabled]) VALUES (57, N'SaveSystemSettingsOperation', 1)

INSERT INTO [authorization].[operations] ([opr_id], [code], [enabled]) VALUES (58, N'GetPadBreadcrumbsOperation', 1)

INSERT INTO [authorization].[operations] ([opr_id], [code], [enabled]) VALUES (59, N'GetSystemSettinperation', 1)

INSERT INTO [authorization].[operations] ([opr_id], [code], [enabled]) VALUES (60, N'GetDocumentBreadcrumbsOperation', 1)

INSERT INTO [authorization].[operations] ([opr_id], [code], [enabled]) VALUES (61, N'GetDocumentStatusesOperation', 1)

INSERT INTO [authorization].[operations] ([opr_id], [code], [enabled]) VALUES (62, N'GetDocumentTypesOperation', 1)

INSERT INTO [authorization].[operations] ([opr_id], [code], [enabled]) VALUES (63, N'GetDocumentEmployeesOperation', 1)

INSERT INTO [authorization].[operations] ([opr_id], [code], [enabled]) VALUES (64, N'GetAdminBreadcrumbsOperation', 1)

INSERT INTO [authorization].[operations] ([opr_id], [code], [enabled]) VALUES (65, N'DownloadReceiptFileOperation', 1)

INSERT INTO [authorization].[operations] ([opr_id], [code], [enabled]) VALUES (66, N'DownloadDealFileOperation', 1)

INSERT INTO [authorization].[operations] ([opr_id], [code], [enabled]) VALUES (67, N'GetIssuersOperation', 1)

INSERT INTO [authorization].[operations] ([opr_id], [code], [enabled]) VALUES (68, N'GetContactsOperation', 1)

INSERT INTO [authorization].[operations] ([opr_id], [code], [enabled]) VALUES (69, N'GetSecuritiesByIssuerOperation', 1)

INSERT INTO [authorization].[operations] ([opr_id], [code], [enabled]) VALUES (70, N'OpenBasement', 1)

INSERT INTO [authorization].[operations] ([opr_id], [code], [enabled]) VALUES (71, N'FileJobReschedule', 1)

INSERT INTO [authorization].[operations] ([opr_id], [code], [enabled]) VALUES (72, N'FileJobStart', 1)

INSERT INTO [authorization].[operations] ([opr_id], [code], [enabled]) VALUES (73, N'GetInsiderNavMenuItemsOperation', 1)

INSERT INTO [authorization].[operations] ([opr_id], [code], [enabled]) VALUES (74, N'GetInsiderBreadcrumbsOperation', 1)

INSERT INTO [authorization].[operations] ([opr_id], [code], [enabled]) VALUES (75, N'GetAccountByContactOperation', 1)

INSERT INTO [authorization].[operations] ([opr_id], [code], [enabled]) VALUES (76, N'ExportToXmlOperation', 1)

INSERT INTO [authorization].[operations] ([opr_id], [code], [enabled]) VALUES (77, N'GetPrintInsiderDataOperation', 1)

INSERT INTO [authorization].[operations] ([opr_id], [code], [enabled]) VALUES (78, N'ExportInsidersOperation', 1)

INSERT INTO [authorization].[operations] ([opr_id], [code], [enabled]) VALUES (79, N'GetInsiderAuditListOperation', 1)

INSERT INTO [authorization].[operations] ([opr_id], [code], [enabled]) VALUES (80, N'SearchInsidersOperation', 1)

INSERT INTO [authorization].[operations] ([opr_id], [code], [enabled]) VALUES (81, N'GetInsiderListOperation', 1)

INSERT INTO [authorization].[operations] ([opr_id], [code], [enabled]) VALUES (82, N'GetInsiderReasonsOperation', 1)

INSERT INTO [authorization].[operations] ([opr_id], [code], [enabled]) VALUES (83, N'SaveInsiderOperation', 1)

INSERT INTO [authorization].[operations] ([opr_id], [code], [enabled]) VALUES (84, N'GetInsiderOperation', 1)

INSERT INTO [authorization].[operations] ([opr_id], [code], [enabled]) VALUES (85, N'InsiderJobReschedule', 1)

INSERT INTO [authorization].[operations] ([opr_id], [code], [enabled]) VALUES (86, N'InsiderJobStart', 1)

INSERT INTO [authorization].[operations] ([opr_id], [code], [enabled]) VALUES (87, N'TradeJobStart', 1)

INSERT INTO [authorization].[operations] ([opr_id], [code], [enabled]) VALUES (88, N'TradeJobReschedule', 1)

INSERT INTO [authorization].[operations] ([opr_id], [code], [enabled]) VALUES (89, N'ActualizationTermJobStart', 1)

INSERT INTO [authorization].[operations] ([opr_id], [code], [enabled]) VALUES (90, N'ActualizationTermJobReschedule', 1)

INSERT INTO [authorization].[operations] ([opr_id], [code], [enabled]) VALUES (91, N'ReceiptNotificationJobStart', 1)

INSERT INTO [authorization].[operations] ([opr_id], [code], [enabled]) VALUES (92, N'ReceiptNotificationJobReschedule', 1)

INSERT INTO [authorization].[operations] ([opr_id], [code], [enabled]) VALUES (93, N'PadFailedDocumentHeadersJobStart', 1)

INSERT INTO [authorization].[operations] ([opr_id], [code], [enabled]) VALUES (94, N'PadFailedDocumentHeadersJobReschedule', 1)

INSERT INTO [authorization].[operations] ([opr_id], [code], [enabled]) VALUES (95, N'RejectAsCoPadSelfCertificateOperation', 1)

INSERT INTO [authorization].[operations] ([opr_id], [code], [enabled]) VALUES (96, N'ReviewAsCOPadSelfCertificateOperation', 1)

INSERT INTO [authorization].[operations] ([opr_id], [code], [enabled]) VALUES (97, N'SendToReviewPadSelfCertificateOperation', 1)

INSERT INTO [authorization].[operations] ([opr_id], [code], [enabled]) VALUES (98, N'ReturnAsCOPadReceiptOperation', 1)

INSERT INTO [authorization].[operations] ([opr_id], [code], [enabled]) VALUES (99, N'ReviewAsCOPadReceiptOperation', 1)

INSERT INTO [authorization].[operations] ([opr_id], [code], [enabled]) VALUES (100, N'SendToReviewPadReceiptOperation', 1)

INSERT INTO [authorization].[operations] ([opr_id], [code], [enabled]) VALUES (101, N'MarketDataPriceJobStart', 1)

INSERT INTO [authorization].[operations] ([opr_id], [code], [enabled]) VALUES (102, N'MarketDataPriceJobReschedule', 1)

INSERT INTO [authorization].[operations] ([opr_id], [code], [enabled]) VALUES (103, N'GetFilterInstrumentListOperation', 1)

INSERT INTO [authorization].[operations] ([opr_id], [code], [enabled]) VALUES (104, N'GetDocumentHistoryOperation', 1)

INSERT INTO [authorization].[operations] ([opr_id], [code], [enabled]) VALUES (105, N'GetAdminNavMenuItemsOperation', 1)

INSERT INTO [authorization].[operations] ([opr_id], [code], [enabled]) VALUES (106, N'GetUserAgreementOperation', 1)

INSERT INTO [authorization].[operations] ([opr_id], [code], [enabled]) VALUES (107, N'MarketDataClassUpdateJobStart', 1)

INSERT INTO [authorization].[operations] ([opr_id], [code], [enabled]) VALUES (108, N'MarketDataClassUpdateJobReschedule', 1)

INSERT INTO [authorization].[operations] ([opr_id], [code], [enabled]) VALUES (109, N'TradeValueUpdateJobStart', 1)

INSERT INTO [authorization].[operations] ([opr_id], [code], [enabled]) VALUES (110, N'TradeValueUpdateJobReschedule', 1)

INSERT INTO [authorization].[operations] ([opr_id], [code], [enabled]) VALUES (111, N'GetNavigationMenuOperation', 1)

INSERT INTO [authorization].[operations] ([opr_id], [code], [enabled]) VALUES (112, N'GetUserPreferencesOperation', 1)

INSERT INTO [authorization].[operations] ([opr_id], [code], [enabled]) VALUES (113, N'GetAlertListPageOperation', 1)

INSERT INTO [authorization].[operations] ([opr_id], [code], [enabled]) VALUES (114, N'GetTradeSearchPageOperation', 1)

INSERT INTO [authorization].[operations] ([opr_id], [code], [enabled]) VALUES (115, N'GetOrderSearchPageOperation', 1)

INSERT INTO [authorization].[operations] ([opr_id], [code], [enabled]) VALUES (116, N'GetReportBestExecutionPageOperation', 1)

INSERT INTO [authorization].[operations] ([opr_id], [code], [enabled]) VALUES (117, N'GetReportClientBestExecutionPageOperation', 1)

INSERT INTO [authorization].[operations] ([opr_id], [code], [enabled]) VALUES (118, N'GetReportMarketOverviewPageOperation', 1)

INSERT INTO [authorization].[operations] ([opr_id], [code], [enabled]) VALUES (119, N'GetReportUkBlockedClientsPageOperation', 1)

INSERT INTO [authorization].[operations] ([opr_id], [code], [enabled]) VALUES (120, N'GetReportCyprusSummaryTradesPageOperation', 1)

INSERT INTO [authorization].[operations] ([opr_id], [code], [enabled]) VALUES (121, N'GetReportMarketResultPageOperation', 1)

INSERT INTO [authorization].[operations] ([opr_id], [code], [enabled]) VALUES (122, N'GetReportNumberOfAlertsPageOperation', 1)

INSERT INTO [authorization].[operations] ([opr_id], [code], [enabled]) VALUES (123, N'GetReportDetailNumberOfAlertsByAccountPageOperation', 1)

INSERT INTO [authorization].[operations] ([opr_id], [code], [enabled]) VALUES (124, N'GetReportControllerPageOperation', 1)

INSERT INTO [authorization].[operations] ([opr_id], [code], [enabled]) VALUES (125, N'GetReportSwissTradesPageOperation', 1)

INSERT INTO [authorization].[operations] ([opr_id], [code], [enabled]) VALUES (126, N'GetReportCyprusBeneficiaryTradesPageOperation', 1)

INSERT INTO [authorization].[operations] ([opr_id], [code], [enabled]) VALUES (127, N'GetReportUkHighriskTradesPageOperation', 1)

INSERT INTO [authorization].[operations] ([opr_id], [code], [enabled]) VALUES (128, N'GetReportUkMediumriskTradesPageOperation', 1)

INSERT INTO [authorization].[operations] ([opr_id], [code], [enabled]) VALUES (129, N'GetReportCyprusHighriskTradesPageOperation', 1)

INSERT INTO [authorization].[operations] ([opr_id], [code], [enabled]) VALUES (130, N'GetReportCyprusMediumriskTradesPageOperation', 1)

INSERT INTO [authorization].[operations] ([opr_id], [code], [enabled]) VALUES (131, N'GetAccountsPageOperation', 1)

INSERT INTO [authorization].[operations] ([opr_id], [code], [enabled]) VALUES (132, N'GetClientsAgreementsPageOperation', 1)

INSERT INTO [authorization].[operations] ([opr_id], [code], [enabled]) VALUES (133, N'GetClientEconomicProfilePageOperation', 1)

INSERT INTO [authorization].[operations] ([opr_id], [code], [enabled]) VALUES (134, N'GetCountryPageOperation', 1)

INSERT INTO [authorization].[operations] ([opr_id], [code], [enabled]) VALUES (135, N'GetCloselyMonitoringClientsPageOperation', 1)

INSERT INTO [authorization].[operations] ([opr_id], [code], [enabled]) VALUES (136, N'GetWatchListPageOperation', 1)

INSERT INTO [authorization].[operations] ([opr_id], [code], [enabled]) VALUES (137, N'GetTopFiveReportsVenuesPageOperation', 1)

INSERT INTO [authorization].[operations] ([opr_id], [code], [enabled]) VALUES (138, N'GetTopFiveReportsBrokersPageOperation', 1)

INSERT INTO [authorization].[operations] ([opr_id], [code], [enabled]) VALUES (139, N'GetTopFiveDictionariesVenuesPageOperation', 1)

INSERT INTO [authorization].[operations] ([opr_id], [code], [enabled]) VALUES (140, N'GetTopFiveDictionariesBrokersPageOperation', 1)

INSERT INTO [authorization].[operations] ([opr_id], [code], [enabled]) VALUES (141, N'GetTopFiveDictionariesInstrumentClassesPageOperation', 1)

INSERT INTO [authorization].[operations] ([opr_id], [code], [enabled]) VALUES (142, N'GetTopFiveDictionariesInstrumentsPageOperation', 1)

INSERT INTO [authorization].[operations] ([opr_id], [code], [enabled]) VALUES (143, N'AddAgreementTypeOperation', 1)

INSERT INTO [authorization].[operations] ([opr_id], [code], [enabled]) VALUES (144, N'UpdateAgreementTypeOperation', 1)

INSERT INTO [authorization].[operations] ([opr_id], [code], [enabled]) VALUES (145, N'DeleteAgreementTypeOperation', 1)

INSERT INTO [authorization].[operations] ([opr_id], [code], [enabled]) VALUES (146, N'DeleteSanctionListCheckItemOperation', 1)

INSERT INTO [authorization].[operations] ([opr_id], [code], [enabled]) VALUES (147, N'DeleteRestrictedListCheckItemOperation', 1)

INSERT INTO [authorization].[operations] ([opr_id], [code], [enabled]) VALUES (148, N'AddNewRuleOperation', 1)

INSERT INTO [authorization].[operations] ([opr_id], [code], [enabled]) VALUES (149, N'UpdateRuleOperation', 1)

INSERT INTO [authorization].[operations] ([opr_id], [code], [enabled]) VALUES (150, N'GetDeleteOperationsPageOperation', 1)

INSERT INTO [authorization].[operations] ([opr_id], [code], [enabled]) VALUES (151, N'GetScenarioTasksPageOperation', 1)

INSERT INTO [authorization].[operations] ([opr_id], [code], [enabled]) VALUES (152, N'GetCheckReplicationPageOperation', 1)

INSERT INTO [authorization].[operations] ([opr_id], [code], [enabled]) VALUES (153, N'GetAdminComponentsPageOperation', 1)

INSERT INTO [authorization].[operations] ([opr_id], [code], [enabled]) VALUES (154, N'GetAdminThresholdPageOperation', 1)

INSERT INTO [authorization].[operations] ([opr_id], [code], [enabled]) VALUES (155, N'GetImportFilePageOperation', 1)

INSERT INTO [authorization].[operations] ([opr_id], [code], [enabled]) VALUES (156, N'GetPipesMonitoringPageOperation', 1)

INSERT INTO [authorization].[operations] ([opr_id], [code], [enabled]) VALUES (157, N'GetRestrictedListCheckPageOperationOperation', 1)

INSERT INTO [authorization].[operations] ([opr_id], [code], [enabled]) VALUES (158, N'GetQualifiedInvestorOrInstrumentCheckPageOperation', 1)

INSERT INTO [authorization].[operations] ([opr_id], [code], [enabled]) VALUES (159, N'GetSanctionListCheckPageOperation', 1)

INSERT INTO [authorization].[operations] ([opr_id], [code], [enabled]) VALUES (160, N'GetSanctionListReportPageOperation', 1)

INSERT INTO [authorization].[operations] ([opr_id], [code], [enabled]) VALUES (161, N'GetRestrictedListReportPageOperation', 1)

INSERT INTO [authorization].[operations] ([opr_id], [code], [enabled]) VALUES (162, N'GetQualifiedInvestorReportPageOperation', 1)

INSERT INTO [authorization].[operations] ([opr_id], [code], [enabled]) VALUES (163, N'GetMistakesInParametersPageOperation', 1)

INSERT INTO [authorization].[operations] ([opr_id], [code], [enabled]) VALUES (164, N'GetAgreementTypePageOperation', 1)

INSERT INTO [authorization].[operations] ([opr_id], [code], [enabled]) VALUES (165, N'GetSecuritiesPageOperation', 1)

INSERT INTO [authorization].[operations] ([opr_id], [code], [enabled]) VALUES (166, N'GetSanctionListsPageOperation', 1)

INSERT INTO [authorization].[operations] ([opr_id], [code], [enabled]) VALUES (167, N'GetSanctionedCompaniesPageOperation', 1)

INSERT INTO [authorization].[operations] ([opr_id], [code], [enabled]) VALUES (168, N'GetPreTradeChecksLoadsPageOperation', 1)

INSERT INTO [authorization].[operations] ([opr_id], [code], [enabled]) VALUES (169, N'GetSecurityTypePageOperation', 1)

INSERT INTO [authorization].[operations] ([opr_id], [code], [enabled]) VALUES (170, N'GetSecurityQualTypePageOperation', 1)

INSERT INTO [authorization].[operations] ([opr_id], [code], [enabled]) VALUES (171, N'GetSanctSecPageOperation', 1)

INSERT INTO [authorization].[operations] ([opr_id], [code], [enabled]) VALUES (172, N'GetFinancialResultPageOperation', 1)

INSERT INTO [authorization].[operations] ([opr_id], [code], [enabled]) VALUES (173, N'GetInsiderListPageOperation', 1)

INSERT INTO [authorization].[operations] ([opr_id], [code], [enabled]) VALUES (174, N'GetThreeMonthVolumeAveragePageOperation', 1)

INSERT INTO [authorization].[operations] ([opr_id], [code], [enabled]) VALUES (175, N'GetCompanyGroupListOperation', 1)

INSERT INTO [authorization].[operations] ([opr_id], [code], [enabled]) VALUES (176, N'GetUrlReportParamItemOperation', 1)

INSERT INTO [authorization].[operations] ([opr_id], [code], [enabled]) VALUES (177, N'TradeMan14JobStart', 1)

INSERT INTO [authorization].[operations] ([opr_id], [code], [enabled]) VALUES (178, N'TradeMan14JobReschedule', 1)

INSERT INTO [authorization].[operations] ([opr_id], [code], [enabled]) VALUES (179, N'TradeSpoofingAlertJobStart', 1)

INSERT INTO [authorization].[operations] ([opr_id], [code], [enabled]) VALUES (180, N'TradeSpoofingAlertJobReschedule', 1)

INSERT INTO [authorization].[operations] ([opr_id], [code], [enabled]) VALUES (181, N'TradeFxProcessingJobStart', 1)

INSERT INTO [authorization].[operations] ([opr_id], [code], [enabled]) VALUES (182, N'TradeFxProcessingJobReschedule', 1)

INSERT INTO [authorization].[operations] ([opr_id], [code], [enabled]) VALUES (183, N'TradeFXUploadStatusUpdJobStart', 1)

INSERT INTO [authorization].[operations] ([opr_id], [code], [enabled]) VALUES (184, N'TradeFXUploadStatusUpdJobReschedule', 1)

INSERT INTO [authorization].[operations] ([opr_id], [code], [enabled]) VALUES (185, N'TradeBigVolumAlertJobStart', 1)

INSERT INTO [authorization].[operations] ([opr_id], [code], [enabled]) VALUES (186, N'TradeBigVolumAlertJobReschedule', 1)

INSERT INTO [authorization].[operations] ([opr_id], [code], [enabled]) VALUES (187, N'MarketDataLoadSecuritiesWatcherStart', 1)

INSERT INTO [authorization].[operations] ([opr_id], [code], [enabled]) VALUES (188, N'MarketDataLoadSecuritiesWatcherReschedule', 1)

INSERT INTO [authorization].[operations] ([opr_id], [code], [enabled]) VALUES (189, N'OrderLoadMoexEqOrdersWatcherStart', 1)

INSERT INTO [authorization].[operations] ([opr_id], [code], [enabled]) VALUES (190, N'OrderLoadMoexEqOrdersWatcherReschedule', 1)

INSERT INTO [authorization].[operations] ([opr_id], [code], [enabled]) VALUES (191, N'OrderBe3RusAlertJobReschedule', 1)

INSERT INTO [authorization].[operations] ([opr_id], [code], [enabled]) VALUES (192, N'OrderBe3RusAlertJobStart', 1)

INSERT INTO [authorization].[operations] ([opr_id], [code], [enabled]) VALUES (193, N'PipeGetDefinitionsOperation', 1)

INSERT INTO [authorization].[operations] ([opr_id], [code], [enabled]) VALUES (194, N'PipeReloadOperation', 1)

INSERT INTO [authorization].[operations] ([opr_id], [code], [enabled]) VALUES (195, N'PipeGetByNameOperation', 1)

INSERT INTO [authorization].[operations] ([opr_id], [code], [enabled]) VALUES (196, N'PipeINSERT INTOTotalsOperation', 1)

INSERT INTO [authorization].[operations] ([opr_id], [code], [enabled]) VALUES (197, N'PipeINSERT INTODetailsOperation', 1)

INSERT INTO [authorization].[operations] ([opr_id], [code], [enabled]) VALUES (198, N'PipeUpdateDetailsOperation', 1)

INSERT INTO [authorization].[operations] ([opr_id], [code], [enabled]) VALUES (199, N'PipeUpdateTotalsOperation', 1)

INSERT INTO [authorization].[operations] ([opr_id], [code], [enabled]) VALUES (200, N'PipeGetDetailsOperation', 1)

INSERT INTO [authorization].[operations] ([opr_id], [code], [enabled]) VALUES (201, N'PipeINSERT INTODetailErrorsOperation', 1)

INSERT INTO [authorization].[operations] ([opr_id], [code], [enabled]) VALUES (202, N'PipeUpdateStreamPipeStatusOperation', 1)

INSERT INTO [authorization].[operations] ([opr_id], [code], [enabled]) VALUES (203, N'PipeGetStreamPipeTotalOperation', 1)

INSERT INTO [authorization].[operations] ([opr_id], [code], [enabled]) VALUES (204, N'PipeGetDetailByIdOperation', 1)

INSERT INTO [authorization].[operations] ([opr_id], [code], [enabled]) VALUES (205, N'PipeUpdateTotalAndErrorCountsOperation', 1)

INSERT INTO [authorization].[operations] ([opr_id], [code], [enabled]) VALUES (206, N'UploadInsiderFileOperation', 1)

INSERT INTO [authorization].[operations] ([opr_id], [code], [enabled]) VALUES (207, N'DownloadInsiderFileOperation', 1)

INSERT INTO [authorization].[operations] ([opr_id], [code], [enabled]) VALUES (208, N'ReadyToCancelReviewPadDealOperation', 1)

INSERT INTO [authorization].[operations] ([opr_id], [code], [enabled]) VALUES (209, N'CancelReviewPadDealOperation', 1)

INSERT INTO [authorization].[operations] ([opr_id], [code], [enabled]) VALUES (210, N'ReturnToReviewPadDealOperation', 1)

INSERT INTO [authorization].[operations] ([opr_id], [code], [enabled]) VALUES (211, N'TradeFm1o3JobStart', 1)

INSERT INTO [authorization].[operations] ([opr_id], [code], [enabled]) VALUES (212, N'TradeFm1o3JobReschedule', 1)

INSERT INTO [authorization].[operations] ([opr_id], [code], [enabled]) VALUES (213, N'MarketDataProcessMoexAlertsStart', 1)

INSERT INTO [authorization].[operations] ([opr_id], [code], [enabled]) VALUES (214, N'MarketDataProcessMoexAlertsReschedule', 1)

INSERT INTO [authorization].[operations] ([opr_id], [code], [enabled]) VALUES (215, N'TradeAlertsMan14Calculate', 1)

INSERT INTO [authorization].[operations] ([opr_id], [code], [enabled]) VALUES (216, N'TradeAlertsMan15Calculate', 1)

INSERT INTO [authorization].[operations] ([opr_id], [code], [enabled]) VALUES (217, N'TradeAlertsMan16Calculate', 1)

INSERT INTO [authorization].[operations] ([opr_id], [code], [enabled]) VALUES (218, N'OrderAlertsBe3OrderRusCalculate', 1)

INSERT INTO [authorization].[operations] ([opr_id], [code], [enabled]) VALUES (219, N'GetReportReportOperation', 1)

INSERT INTO [authorization].[operations] ([opr_id], [code], [enabled]) VALUES (220, N'GetReportVocabularyOperation', 1)

INSERT INTO [authorization].[operations] ([opr_id], [code], [enabled]) VALUES (221, N'SaveReportVocabularyOperation', 1)

INSERT INTO [authorization].[operations] ([opr_id], [code], [enabled]) VALUES (222, N'SearchReportVocabularyOperation', 1)

INSERT INTO [authorization].[operations] ([opr_id], [code], [enabled]) VALUES (223, N'GetReportAnalystOperation', 1)

INSERT INTO [authorization].[operations] ([opr_id], [code], [enabled]) VALUES (224, N'SaveReportAnalystOperation', 1)

INSERT INTO [authorization].[operations] ([opr_id], [code], [enabled]) VALUES (225, N'SearchReportAnalystOperation', 1)

INSERT INTO [authorization].[operations] ([opr_id], [code], [enabled]) VALUES (226, N'GetReportCateryOperation', 1)

INSERT INTO [authorization].[operations] ([opr_id], [code], [enabled]) VALUES (227, N'SaveReportCateryOperation', 1)

INSERT INTO [authorization].[operations] ([opr_id], [code], [enabled]) VALUES (228, N'SearchReportCateryOperation', 1)

INSERT INTO [authorization].[operations] ([opr_id], [code], [enabled]) VALUES (229, N'GetReportIssuerOperation', 1)

INSERT INTO [authorization].[operations] ([opr_id], [code], [enabled]) VALUES (230, N'SaveReportIssuerOperation', 1)

INSERT INTO [authorization].[operations] ([opr_id], [code], [enabled]) VALUES (231, N'SearchReportIssuerOperation', 1)

INSERT INTO [authorization].[operations] ([opr_id], [code], [enabled]) VALUES (232, N'GetReportSectorOperation', 1)

INSERT INTO [authorization].[operations] ([opr_id], [code], [enabled]) VALUES (233, N'SaveReportSectorOperation', 1)

INSERT INTO [authorization].[operations] ([opr_id], [code], [enabled]) VALUES (234, N'SearchReportSectorOperation', 1)

INSERT INTO [authorization].[operations] ([opr_id], [code], [enabled]) VALUES (235, N'SaveReportReportOperation', 1)

INSERT INTO [authorization].[operations] ([opr_id], [code], [enabled]) VALUES (236, N'GetReportDictionaryOperation', 1)

INSERT INTO [authorization].[operations] ([opr_id], [code], [enabled]) VALUES (237, N'SaveReportDictionaryOperation', 1)

INSERT INTO [authorization].[operations] ([opr_id], [code], [enabled]) VALUES (238, N'GetReportBoOperation', 1)

INSERT INTO [authorization].[operations] ([opr_id], [code], [enabled]) VALUES (239, N'SaveReportBoOperation', 1)

INSERT INTO [authorization].[operations] ([opr_id], [code], [enabled]) VALUES (240, N'GetReportRcrOperation', 1)

INSERT INTO [authorization].[operations] ([opr_id], [code], [enabled]) VALUES (241, N'SaveReportRcrOperation', 1)

INSERT INTO [authorization].[operations] ([opr_id], [code], [enabled]) VALUES (242, N'CopyReportRcrOperation', 1)

INSERT INTO [authorization].[operations] ([opr_id], [code], [enabled]) VALUES (243, N'GetReportAnalyticalReviewOperation', 1)

INSERT INTO [authorization].[operations] ([opr_id], [code], [enabled]) VALUES (244, N'SaveReportAnalyticalReviewOperation', 1)

INSERT INTO [authorization].[operations] ([opr_id], [code], [enabled]) VALUES (245, N'GetReportReportinperation', 1)

INSERT INTO [authorization].[operations] ([opr_id], [code], [enabled]) VALUES (246, N'ExportReportAnalyticalReviewOperation', 1)

INSERT INTO [authorization].[operations] ([opr_id], [code], [enabled]) VALUES (247, N'GetReportInWorkOperation', 1)

INSERT INTO [authorization].[operations] ([opr_id], [code], [enabled]) VALUES (248, N'GetReportOnly', 1)

INSERT INTO [authorization].[operations] ([opr_id], [code], [enabled]) VALUES (249, N'EmployeeListOperation', 1)

INSERT INTO [authorization].[operations] ([opr_id], [code], [enabled]) VALUES (250, N'EmployeeGetPositionsFilterOperation', 1)

INSERT INTO [authorization].[operations] ([opr_id], [code], [enabled]) VALUES (251, N'EmployeeGetEmployeesFilterOperation', 1)

INSERT INTO [authorization].[operations] ([opr_id], [code], [enabled]) VALUES (252, N'EmployeeGetDepartmentsFilterOperation', 1)

INSERT INTO [authorization].[operations] ([opr_id], [code], [enabled]) VALUES (253, N'EmployeeGetTreeDepartmentsFilterOperation', 1)

INSERT INTO [authorization].[operations] ([opr_id], [code], [enabled]) VALUES (254, N'AlertFilterScenarioCode', 1)

INSERT INTO [authorization].[operations] ([opr_id], [code], [enabled]) VALUES (255, N'AlertGroupAlertInfoByAccount', 1)

INSERT INTO [authorization].[operations] ([opr_id], [code], [enabled]) VALUES (256, N'EmployeeCreateOperation', 1)

INSERT INTO [authorization].[operations] ([opr_id], [code], [enabled]) VALUES (257, N'EmployeeEmployerSearchOperation', 1)

INSERT INTO [authorization].[operations] ([opr_id], [code], [enabled]) VALUES (258, N'EmployeeGetAllStatusesOperation', 1)

INSERT INTO [authorization].[operations] ([opr_id], [code], [enabled]) VALUES (259, N'EmployeeGetAndSetLoginOperation', 1)

INSERT INTO [authorization].[operations] ([opr_id], [code], [enabled]) VALUES (260, N'EmployeeSearchOperation', 1)

INSERT INTO [authorization].[operations] ([opr_id], [code], [enabled]) VALUES (261, N'EmployeeSetStatusOperation', 1)

INSERT INTO [authorization].[operations] ([opr_id], [code], [enabled]) VALUES (262, N'MarketdataPriceUploadJobReloadOperation', 1)

INSERT INTO [authorization].[operations] ([opr_id], [code], [enabled]) VALUES (263, N'InsiderEmployeeApplicationsListOperation', 1)

INSERT INTO [authorization].[operations] ([opr_id], [code], [enabled]) VALUES (264, N'InsiderLegalEntityApplicationsListOperation', 1)

INSERT INTO [authorization].[operations] ([opr_id], [code], [enabled]) VALUES (265, N'InsiderGetApplicationsTypesForFilterOperation', 1)

INSERT INTO [authorization].[operations] ([opr_id], [code], [enabled]) VALUES (266, N'InsiderGetApplicationsStatusesForFilterOperation', 1)

INSERT INTO [authorization].[operations] ([opr_id], [code], [enabled]) VALUES (267, N'TradeQuikDataLostRecordsINSERT INTOJobStart', 1)

INSERT INTO [authorization].[operations] ([opr_id], [code], [enabled]) VALUES (268, N'TradeQuikDataLostRecordsINSERT INTOJobReschedule', 1)

INSERT INTO [authorization].[operations] ([opr_id], [code], [enabled]) VALUES (269, N'EmployeeGetBreadcrumbsOperation', 1)

INSERT INTO [authorization].[operations] ([opr_id], [code], [enabled]) VALUES (270, N'TradeDiasoftUploadToBufferOperation', 1)

INSERT INTO [authorization].[operations] ([opr_id], [code], [enabled]) VALUES (271, N'TradeDiasoftUploadOperation', 1)

INSERT INTO [authorization].[operations] ([opr_id], [code], [enabled]) VALUES (272, N'TradeDiasoftLoadJobStart', 1)

INSERT INTO [authorization].[operations] ([opr_id], [code], [enabled]) VALUES (273, N'TradeDiasoftLoadJobReschedule', 1)

INSERT INTO [authorization].[operations] ([opr_id], [code], [enabled]) VALUES (274, N'TradeDiasoftLoadBufferJobStart', 1)

INSERT INTO [authorization].[operations] ([opr_id], [code], [enabled]) VALUES (275, N'TradeDiasoftLoadBufferJobReschedule', 1)

INSERT INTO [authorization].[operations] ([opr_id], [code], [enabled]) VALUES (276, N'TradeBe3RusAlertJobReschedule', 1)

INSERT INTO [authorization].[operations] ([opr_id], [code], [enabled]) VALUES (277, N'TradeBe3RusAlertJobStart', 1)

INSERT INTO [authorization].[operations] ([opr_id], [code], [enabled]) VALUES (278, N'TradeAlertsBe3TrdRusCalculate', 1)

INSERT INTO [authorization].[operations] ([opr_id], [code], [enabled]) VALUES (279, N'TradeBoardsSearch', 1)

INSERT INTO [authorization].[operations] ([opr_id], [code], [enabled]) VALUES (280, N'TradeMarketsSearch', 1)

INSERT INTO [authorization].[operations] ([opr_id], [code], [enabled]) VALUES (281, N'TradeSecuritiesSearch', 1)

INSERT INTO [authorization].[operations] ([opr_id], [code], [enabled]) VALUES (282, N'TradeTradesPortfolioCalculate', 1)

INSERT INTO [authorization].[operations] ([opr_id], [code], [enabled]) VALUES (283, N'EmployeeToInsiderListOperation', 1)

INSERT INTO [authorization].[operations] ([opr_id], [code], [enabled]) VALUES (284, N'InsiderGetPositionDescriptionListOperation', 1)

INSERT INTO [authorization].[operations] ([opr_id], [code], [enabled]) VALUES (285, N'InsiderOpenPositionDescriptionOperation', 1)

INSERT INTO [authorization].[operations] ([opr_id], [code], [enabled]) VALUES (286, N'EmployeeGetPositionDescriptionByIdOperation', 1)

INSERT INTO [authorization].[operations] ([opr_id], [code], [enabled]) VALUES (287, N'EmployeeGetPositionDescriptionByFilterOperation', 1)

INSERT INTO [authorization].[operations] ([opr_id], [code], [enabled]) VALUES (288, N'InsiderGetApplicationsContextButtonsOperation', 1)

INSERT INTO [authorization].[operations] ([opr_id], [code], [enabled]) VALUES (289, N'InsiderCreateIncludeApplicationOperation', 1)

INSERT INTO [authorization].[operations] ([opr_id], [code], [enabled]) VALUES (290, N'InsiderCreateExcludeApplicationOperation', 1)

INSERT INTO [authorization].[operations] ([opr_id], [code], [enabled]) VALUES (291, N'InsiderSaveIncludeApplicationOperation', 1)

INSERT INTO [authorization].[operations] ([opr_id], [code], [enabled]) VALUES (292, N'InsiderSaveExcludeApplicationOperation', 1)

INSERT INTO [authorization].[operations] ([opr_id], [code], [enabled]) VALUES (293, N'InsiderOpenExcludeApplicationOperation', 1)

INSERT INTO [authorization].[operations] ([opr_id], [code], [enabled]) VALUES (294, N'InsiderOpenIncludeApplicationOperation', 1)

INSERT INTO [authorization].[operations] ([opr_id], [code], [enabled]) VALUES (295, N'InsiderPerformIncludeApplicationOperation', 1)

INSERT INTO [authorization].[operations] ([opr_id], [code], [enabled]) VALUES (296, N'InsiderPerformExcludeApplicationOperation', 1)

INSERT INTO [authorization].[operations] ([opr_id], [code], [enabled]) VALUES (297, N'InsiderDeleteIncludeApplicationOperation', 1)

INSERT INTO [authorization].[operations] ([opr_id], [code], [enabled]) VALUES (298, N'InsiderDeleteExcludeApplicationOperation', 1)

INSERT INTO [authorization].[operations] ([opr_id], [code], [enabled]) VALUES (299, N'InsiderSendToHRIncludeApplicationOperation', 1)

INSERT INTO [authorization].[operations] ([opr_id], [code], [enabled]) VALUES (300, N'InsiderSignIncludeApplicationOperation', 1)

INSERT INTO [authorization].[operations] ([opr_id], [code], [enabled]) VALUES (301, N'InsiderSendToCOIncludeApplicationOperation', 1)

INSERT INTO [authorization].[operations] ([opr_id], [code], [enabled]) VALUES (302, N'InsiderSendBackToPrintIncludeApplicationOperation', 1)

INSERT INTO [authorization].[operations] ([opr_id], [code], [enabled]) VALUES (303, N'InsiderPrintApplicationDataOperation', 1)

INSERT INTO [authorization].[operations] ([opr_id], [code], [enabled]) VALUES (304, N'InsiderSendBackToPrintExcludeApplicationOperation', 1)

INSERT INTO [authorization].[operations] ([opr_id], [code], [enabled]) VALUES (305, N'InsiderSendToCOExcludeApplicationOperation', 1)

INSERT INTO [authorization].[operations] ([opr_id], [code], [enabled]) VALUES (306, N'InsiderSendToHRExcludeApplicationOperation', 1)

INSERT INTO [authorization].[operations] ([opr_id], [code], [enabled]) VALUES (307, N'InsiderSignExcludeApplicationOperation', 1)

INSERT INTO [authorization].[operations] ([opr_id], [code], [enabled]) VALUES (308, N'EmployeeGetEmployeePersonalDataOperation', 1)

INSERT INTO [authorization].[operations] ([opr_id], [code], [enabled]) VALUES (309, N'PipeGetDetailsByParams', 1)

INSERT INTO [authorization].[operations] ([opr_id], [code], [enabled]) VALUES (310, N'PipeGetTotalByParams', 1)

INSERT INTO [authorization].[operations] ([opr_id], [code], [enabled]) VALUES (311, N'PipeGetTotalById', 1)

INSERT INTO [authorization].[operations] ([opr_id], [code], [enabled]) VALUES (312, N'PipePipesAddError', 1)

INSERT INTO [authorization].[operations] ([opr_id], [code], [enabled]) VALUES (313, N'PipePipesUpdateDetailsTotals', 1)

INSERT INTO [authorization].[operations] ([opr_id], [code], [enabled]) VALUES (314, N'OrderLoadQuikOmsOrderBufferWatcherStart', 1)

INSERT INTO [authorization].[operations] ([opr_id], [code], [enabled]) VALUES (315, N'OrderLoadQuikOmsOrderBufferWatcherReschedule', 1)

INSERT INTO [authorization].[ranks] ([rank_id], [code]) VALUES (1, N'GUEST')

INSERT INTO [authorization].[ranks] ([rank_id], [code]) VALUES (2, N'EMPLOYEE')

INSERT INTO [authorization].[ranks] ([rank_id], [code]) VALUES (3, N'COMPLIANCE_OFFICER')

INSERT INTO [authorization].[ranks] ([rank_id], [code]) VALUES (4, N'DEAL_CAPTAIN')

INSERT INTO [authorization].[ranks] ([rank_id], [code]) VALUES (5, N'ADMIN')

INSERT INTO [authorization].[ranks] ([rank_id], [code]) VALUES (6, N'DOCUMENT_OWNER')

INSERT INTO [authorization].[ranks] ([rank_id], [code]) VALUES (7, N'DOCUMENT_OWNER_MANAGER')

INSERT INTO [authorization].[ranks] ([rank_id], [code]) VALUES (8, N'COMPLIANCE_OFFICER_INSIDER')

INSERT INTO [authorization].[ranks] ([rank_id], [code]) VALUES (9, N'JOB')

INSERT INTO [authorization].[ranks] ([rank_id], [code]) VALUES (10, N'COMPLIANCE_OFFICER_CIB')

INSERT INTO [authorization].[ranks] ([rank_id], [code]) VALUES (11, N'COMPLIANCE_OFFICER_UK')

INSERT INTO [authorization].[ranks] ([rank_id], [code]) VALUES (12, N'COMPLIANCE_OFFICER_CYP')

INSERT INTO [authorization].[ranks] ([rank_id], [code]) VALUES (13, N'COMPLIANCE_OFFICER_PAO')

INSERT INTO [authorization].[ranks] ([rank_id], [code]) VALUES (14, N'COMPLIANCE_RESEARCH_SA')

INSERT INTO [authorization].[ranks] ([rank_id], [code]) VALUES (15, N'HR')

INSERT INTO [authorization].[grants] ([grant_id], [rank_id], [opr_id]) VALUES (1, 1, 1)

INSERT INTO [authorization].[grants] ([grant_id], [rank_id], [opr_id]) VALUES (2, 1, 58)

INSERT INTO [authorization].[grants] ([grant_id], [rank_id], [opr_id]) VALUES (3, 1, 60)

INSERT INTO [authorization].[grants] ([grant_id], [rank_id], [opr_id]) VALUES (4, 1, 70)

INSERT INTO [authorization].[grants] ([grant_id], [rank_id], [opr_id]) VALUES (5, 2, 1)

INSERT INTO [authorization].[grants] ([grant_id], [rank_id], [opr_id]) VALUES (6, 2, 2)

INSERT INTO [authorization].[grants] ([grant_id], [rank_id], [opr_id]) VALUES (7, 2, 3)

INSERT INTO [authorization].[grants] ([grant_id], [rank_id], [opr_id]) VALUES (8, 2, 4)

INSERT INTO [authorization].[grants] ([grant_id], [rank_id], [opr_id]) VALUES (9, 2, 6)

INSERT INTO [authorization].[grants] ([grant_id], [rank_id], [opr_id]) VALUES (10, 2, 7)

INSERT INTO [authorization].[grants] ([grant_id], [rank_id], [opr_id]) VALUES (11, 2, 8)

INSERT INTO [authorization].[grants] ([grant_id], [rank_id], [opr_id]) VALUES (12, 2, 9)

INSERT INTO [authorization].[grants] ([grant_id], [rank_id], [opr_id]) VALUES (13, 2, 10)

INSERT INTO [authorization].[grants] ([grant_id], [rank_id], [opr_id]) VALUES (14, 2, 11)

INSERT INTO [authorization].[grants] ([grant_id], [rank_id], [opr_id]) VALUES (15, 2, 12)

INSERT INTO [authorization].[grants] ([grant_id], [rank_id], [opr_id]) VALUES (16, 2, 13)

INSERT INTO [authorization].[grants] ([grant_id], [rank_id], [opr_id]) VALUES (17, 2, 14)

INSERT INTO [authorization].[grants] ([grant_id], [rank_id], [opr_id]) VALUES (18, 2, 15)

INSERT INTO [authorization].[grants] ([grant_id], [rank_id], [opr_id]) VALUES (19, 2, 16)

INSERT INTO [authorization].[grants] ([grant_id], [rank_id], [opr_id]) VALUES (20, 2, 17)

INSERT INTO [authorization].[grants] ([grant_id], [rank_id], [opr_id]) VALUES (21, 2, 18)

INSERT INTO [authorization].[grants] ([grant_id], [rank_id], [opr_id]) VALUES (22, 2, 19)

INSERT INTO [authorization].[grants] ([grant_id], [rank_id], [opr_id]) VALUES (23, 2, 20)

INSERT INTO [authorization].[grants] ([grant_id], [rank_id], [opr_id]) VALUES (24, 2, 21)

INSERT INTO [authorization].[grants] ([grant_id], [rank_id], [opr_id]) VALUES (25, 2, 22)

INSERT INTO [authorization].[grants] ([grant_id], [rank_id], [opr_id]) VALUES (26, 2, 23)

INSERT INTO [authorization].[grants] ([grant_id], [rank_id], [opr_id]) VALUES (27, 2, 24)

INSERT INTO [authorization].[grants] ([grant_id], [rank_id], [opr_id]) VALUES (28, 2, 25)

INSERT INTO [authorization].[grants] ([grant_id], [rank_id], [opr_id]) VALUES (29, 2, 26)

INSERT INTO [authorization].[grants] ([grant_id], [rank_id], [opr_id]) VALUES (30, 2, 27)

INSERT INTO [authorization].[grants] ([grant_id], [rank_id], [opr_id]) VALUES (31, 2, 28)

INSERT INTO [authorization].[grants] ([grant_id], [rank_id], [opr_id]) VALUES (32, 2, 29)

INSERT INTO [authorization].[grants] ([grant_id], [rank_id], [opr_id]) VALUES (33, 2, 33)

INSERT INTO [authorization].[grants] ([grant_id], [rank_id], [opr_id]) VALUES (34, 2, 34)

INSERT INTO [authorization].[grants] ([grant_id], [rank_id], [opr_id]) VALUES (35, 2, 35)

INSERT INTO [authorization].[grants] ([grant_id], [rank_id], [opr_id]) VALUES (36, 2, 36)

INSERT INTO [authorization].[grants] ([grant_id], [rank_id], [opr_id]) VALUES (37, 2, 37)

INSERT INTO [authorization].[grants] ([grant_id], [rank_id], [opr_id]) VALUES (38, 2, 38)

INSERT INTO [authorization].[grants] ([grant_id], [rank_id], [opr_id]) VALUES (39, 2, 40)

INSERT INTO [authorization].[grants] ([grant_id], [rank_id], [opr_id]) VALUES (40, 2, 41)

INSERT INTO [authorization].[grants] ([grant_id], [rank_id], [opr_id]) VALUES (41, 2, 42)

INSERT INTO [authorization].[grants] ([grant_id], [rank_id], [opr_id]) VALUES (42, 2, 43)

INSERT INTO [authorization].[grants] ([grant_id], [rank_id], [opr_id]) VALUES (43, 2, 47)

INSERT INTO [authorization].[grants] ([grant_id], [rank_id], [opr_id]) VALUES (44, 2, 48)

INSERT INTO [authorization].[grants] ([grant_id], [rank_id], [opr_id]) VALUES (45, 2, 49)

INSERT INTO [authorization].[grants] ([grant_id], [rank_id], [opr_id]) VALUES (46, 2, 58)

INSERT INTO [authorization].[grants] ([grant_id], [rank_id], [opr_id]) VALUES (47, 2, 59)

INSERT INTO [authorization].[grants] ([grant_id], [rank_id], [opr_id]) VALUES (48, 2, 60)

INSERT INTO [authorization].[grants] ([grant_id], [rank_id], [opr_id]) VALUES (49, 2, 61)

INSERT INTO [authorization].[grants] ([grant_id], [rank_id], [opr_id]) VALUES (50, 2, 62)

INSERT INTO [authorization].[grants] ([grant_id], [rank_id], [opr_id]) VALUES (51, 2, 63)

INSERT INTO [authorization].[grants] ([grant_id], [rank_id], [opr_id]) VALUES (52, 2, 65)

INSERT INTO [authorization].[grants] ([grant_id], [rank_id], [opr_id]) VALUES (53, 2, 66)

INSERT INTO [authorization].[grants] ([grant_id], [rank_id], [opr_id]) VALUES (54, 2, 67)

INSERT INTO [authorization].[grants] ([grant_id], [rank_id], [opr_id]) VALUES (55, 2, 68)

INSERT INTO [authorization].[grants] ([grant_id], [rank_id], [opr_id]) VALUES (56, 2, 69)

INSERT INTO [authorization].[grants] ([grant_id], [rank_id], [opr_id]) VALUES (57, 2, 70)

INSERT INTO [authorization].[grants] ([grant_id], [rank_id], [opr_id]) VALUES (58, 2, 75)

INSERT INTO [authorization].[grants] ([grant_id], [rank_id], [opr_id]) VALUES (59, 2, 82)

INSERT INTO [authorization].[grants] ([grant_id], [rank_id], [opr_id]) VALUES (60, 2, 97)

INSERT INTO [authorization].[grants] ([grant_id], [rank_id], [opr_id]) VALUES (61, 2, 100)

INSERT INTO [authorization].[grants] ([grant_id], [rank_id], [opr_id]) VALUES (62, 2, 103)

INSERT INTO [authorization].[grants] ([grant_id], [rank_id], [opr_id]) VALUES (63, 2, 104)

INSERT INTO [authorization].[grants] ([grant_id], [rank_id], [opr_id]) VALUES (64, 2, 106)

INSERT INTO [authorization].[grants] ([grant_id], [rank_id], [opr_id]) VALUES (65, 2, 208)

INSERT INTO [authorization].[grants] ([grant_id], [rank_id], [opr_id]) VALUES (66, 2, 209)

INSERT INTO [authorization].[grants] ([grant_id], [rank_id], [opr_id]) VALUES (67, 2, 210)

INSERT INTO [authorization].[grants] ([grant_id], [rank_id], [opr_id]) VALUES (68, 2, 256)

INSERT INTO [authorization].[grants] ([grant_id], [rank_id], [opr_id]) VALUES (69, 2, 257)

INSERT INTO [authorization].[grants] ([grant_id], [rank_id], [opr_id]) VALUES (70, 2, 259)

INSERT INTO [authorization].[grants] ([grant_id], [rank_id], [opr_id]) VALUES (71, 2, 260)

INSERT INTO [authorization].[grants] ([grant_id], [rank_id], [opr_id]) VALUES (72, 3, 1)

INSERT INTO [authorization].[grants] ([grant_id], [rank_id], [opr_id]) VALUES (73, 3, 2)

INSERT INTO [authorization].[grants] ([grant_id], [rank_id], [opr_id]) VALUES (74, 3, 3)

INSERT INTO [authorization].[grants] ([grant_id], [rank_id], [opr_id]) VALUES (75, 3, 5)

INSERT INTO [authorization].[grants] ([grant_id], [rank_id], [opr_id]) VALUES (76, 3, 7)

INSERT INTO [authorization].[grants] ([grant_id], [rank_id], [opr_id]) VALUES (77, 3, 10)

INSERT INTO [authorization].[grants] ([grant_id], [rank_id], [opr_id]) VALUES (78, 3, 12)

INSERT INTO [authorization].[grants] ([grant_id], [rank_id], [opr_id]) VALUES (79, 3, 13)

INSERT INTO [authorization].[grants] ([grant_id], [rank_id], [opr_id]) VALUES (80, 3, 18)

INSERT INTO [authorization].[grants] ([grant_id], [rank_id], [opr_id]) VALUES (81, 3, 19)

INSERT INTO [authorization].[grants] ([grant_id], [rank_id], [opr_id]) VALUES (82, 3, 20)

INSERT INTO [authorization].[grants] ([grant_id], [rank_id], [opr_id]) VALUES (83, 3, 21)

INSERT INTO [authorization].[grants] ([grant_id], [rank_id], [opr_id]) VALUES (84, 3, 22)

INSERT INTO [authorization].[grants] ([grant_id], [rank_id], [opr_id]) VALUES (85, 3, 24)

INSERT INTO [authorization].[grants] ([grant_id], [rank_id], [opr_id]) VALUES (86, 3, 30)

INSERT INTO [authorization].[grants] ([grant_id], [rank_id], [opr_id]) VALUES (87, 3, 31)

INSERT INTO [authorization].[grants] ([grant_id], [rank_id], [opr_id]) VALUES (88, 3, 32)

INSERT INTO [authorization].[grants] ([grant_id], [rank_id], [opr_id]) VALUES (89, 3, 36)

INSERT INTO [authorization].[grants] ([grant_id], [rank_id], [opr_id]) VALUES (90, 3, 38)

INSERT INTO [authorization].[grants] ([grant_id], [rank_id], [opr_id]) VALUES (91, 3, 39)

INSERT INTO [authorization].[grants] ([grant_id], [rank_id], [opr_id]) VALUES (92, 3, 41)

INSERT INTO [authorization].[grants] ([grant_id], [rank_id], [opr_id]) VALUES (93, 3, 44)

INSERT INTO [authorization].[grants] ([grant_id], [rank_id], [opr_id]) VALUES (94, 3, 45)

INSERT INTO [authorization].[grants] ([grant_id], [rank_id], [opr_id]) VALUES (95, 3, 46)

INSERT INTO [authorization].[grants] ([grant_id], [rank_id], [opr_id]) VALUES (96, 3, 47)

INSERT INTO [authorization].[grants] ([grant_id], [rank_id], [opr_id]) VALUES (97, 3, 48)

INSERT INTO [authorization].[grants] ([grant_id], [rank_id], [opr_id]) VALUES (98, 3, 58)

INSERT INTO [authorization].[grants] ([grant_id], [rank_id], [opr_id]) VALUES (99, 3, 59)

INSERT INTO [authorization].[grants] ([grant_id], [rank_id], [opr_id]) VALUES (100, 3, 60)

INSERT INTO [authorization].[grants] ([grant_id], [rank_id], [opr_id]) VALUES (101, 3, 61)

INSERT INTO [authorization].[grants] ([grant_id], [rank_id], [opr_id]) VALUES (102, 3, 62)

INSERT INTO [authorization].[grants] ([grant_id], [rank_id], [opr_id]) VALUES (103, 3, 63)

INSERT INTO [authorization].[grants] ([grant_id], [rank_id], [opr_id]) VALUES (104, 3, 67)

INSERT INTO [authorization].[grants] ([grant_id], [rank_id], [opr_id]) VALUES (105, 3, 68)

INSERT INTO [authorization].[grants] ([grant_id], [rank_id], [opr_id]) VALUES (106, 3, 69)

INSERT INTO [authorization].[grants] ([grant_id], [rank_id], [opr_id]) VALUES (107, 3, 70)

INSERT INTO [authorization].[grants] ([grant_id], [rank_id], [opr_id]) VALUES (108, 3, 73)

INSERT INTO [authorization].[grants] ([grant_id], [rank_id], [opr_id]) VALUES (109, 3, 74)

INSERT INTO [authorization].[grants] ([grant_id], [rank_id], [opr_id]) VALUES (110, 3, 75)

INSERT INTO [authorization].[grants] ([grant_id], [rank_id], [opr_id]) VALUES (111, 3, 82)

INSERT INTO [authorization].[grants] ([grant_id], [rank_id], [opr_id]) VALUES (112, 3, 95)

INSERT INTO [authorization].[grants] ([grant_id], [rank_id], [opr_id]) VALUES (113, 3, 96)

INSERT INTO [authorization].[grants] ([grant_id], [rank_id], [opr_id]) VALUES (114, 3, 98)

INSERT INTO [authorization].[grants] ([grant_id], [rank_id], [opr_id]) VALUES (115, 3, 99)

INSERT INTO [authorization].[grants] ([grant_id], [rank_id], [opr_id]) VALUES (116, 3, 103)

INSERT INTO [authorization].[grants] ([grant_id], [rank_id], [opr_id]) VALUES (117, 3, 104)

INSERT INTO [authorization].[grants] ([grant_id], [rank_id], [opr_id]) VALUES (118, 3, 106)

INSERT INTO [authorization].[grants] ([grant_id], [rank_id], [opr_id]) VALUES (119, 3, 206)

INSERT INTO [authorization].[grants] ([grant_id], [rank_id], [opr_id]) VALUES (120, 3, 207)

INSERT INTO [authorization].[grants] ([grant_id], [rank_id], [opr_id]) VALUES (121, 3, 219)

INSERT INTO [authorization].[grants] ([grant_id], [rank_id], [opr_id]) VALUES (122, 3, 220)

INSERT INTO [authorization].[grants] ([grant_id], [rank_id], [opr_id]) VALUES (123, 3, 221)

INSERT INTO [authorization].[grants] ([grant_id], [rank_id], [opr_id]) VALUES (124, 3, 223)

INSERT INTO [authorization].[grants] ([grant_id], [rank_id], [opr_id]) VALUES (125, 3, 224)

INSERT INTO [authorization].[grants] ([grant_id], [rank_id], [opr_id]) VALUES (126, 3, 226)

INSERT INTO [authorization].[grants] ([grant_id], [rank_id], [opr_id]) VALUES (127, 3, 227)

INSERT INTO [authorization].[grants] ([grant_id], [rank_id], [opr_id]) VALUES (128, 3, 229)

INSERT INTO [authorization].[grants] ([grant_id], [rank_id], [opr_id]) VALUES (129, 3, 230)

INSERT INTO [authorization].[grants] ([grant_id], [rank_id], [opr_id]) VALUES (130, 3, 232)

INSERT INTO [authorization].[grants] ([grant_id], [rank_id], [opr_id]) VALUES (131, 3, 233)

INSERT INTO [authorization].[grants] ([grant_id], [rank_id], [opr_id]) VALUES (132, 3, 235)

INSERT INTO [authorization].[grants] ([grant_id], [rank_id], [opr_id]) VALUES (133, 3, 236)

INSERT INTO [authorization].[grants] ([grant_id], [rank_id], [opr_id]) VALUES (134, 3, 237)

INSERT INTO [authorization].[grants] ([grant_id], [rank_id], [opr_id]) VALUES (135, 3, 238)

INSERT INTO [authorization].[grants] ([grant_id], [rank_id], [opr_id]) VALUES (136, 3, 239)

INSERT INTO [authorization].[grants] ([grant_id], [rank_id], [opr_id]) VALUES (137, 3, 240)

INSERT INTO [authorization].[grants] ([grant_id], [rank_id], [opr_id]) VALUES (138, 3, 241)

INSERT INTO [authorization].[grants] ([grant_id], [rank_id], [opr_id]) VALUES (139, 3, 242)

INSERT INTO [authorization].[grants] ([grant_id], [rank_id], [opr_id]) VALUES (140, 3, 243)

INSERT INTO [authorization].[grants] ([grant_id], [rank_id], [opr_id]) VALUES (141, 3, 244)

INSERT INTO [authorization].[grants] ([grant_id], [rank_id], [opr_id]) VALUES (142, 3, 245)

INSERT INTO [authorization].[grants] ([grant_id], [rank_id], [opr_id]) VALUES (143, 3, 246)

INSERT INTO [authorization].[grants] ([grant_id], [rank_id], [opr_id]) VALUES (144, 3, 247)

INSERT INTO [authorization].[grants] ([grant_id], [rank_id], [opr_id]) VALUES (145, 3, 248)

INSERT INTO [authorization].[grants] ([grant_id], [rank_id], [opr_id]) VALUES (146, 3, 249)

INSERT INTO [authorization].[grants] ([grant_id], [rank_id], [opr_id]) VALUES (147, 3, 250)

INSERT INTO [authorization].[grants] ([grant_id], [rank_id], [opr_id]) VALUES (148, 3, 251)

INSERT INTO [authorization].[grants] ([grant_id], [rank_id], [opr_id]) VALUES (149, 3, 252)

INSERT INTO [authorization].[grants] ([grant_id], [rank_id], [opr_id]) VALUES (150, 3, 253)

INSERT INTO [authorization].[grants] ([grant_id], [rank_id], [opr_id]) VALUES (151, 3, 256)

INSERT INTO [authorization].[grants] ([grant_id], [rank_id], [opr_id]) VALUES (152, 3, 257)

INSERT INTO [authorization].[grants] ([grant_id], [rank_id], [opr_id]) VALUES (153, 3, 259)

INSERT INTO [authorization].[grants] ([grant_id], [rank_id], [opr_id]) VALUES (154, 3, 260)

INSERT INTO [authorization].[grants] ([grant_id], [rank_id], [opr_id]) VALUES (155, 3, 261)

INSERT INTO [authorization].[grants] ([grant_id], [rank_id], [opr_id]) VALUES (156, 3, 263)

INSERT INTO [authorization].[grants] ([grant_id], [rank_id], [opr_id]) VALUES (157, 3, 264)

INSERT INTO [authorization].[grants] ([grant_id], [rank_id], [opr_id]) VALUES (158, 3, 265)

INSERT INTO [authorization].[grants] ([grant_id], [rank_id], [opr_id]) VALUES (159, 3, 266)

INSERT INTO [authorization].[grants] ([grant_id], [rank_id], [opr_id]) VALUES (160, 3, 269)

INSERT INTO [authorization].[grants] ([grant_id], [rank_id], [opr_id]) VALUES (161, 3, 283)

INSERT INTO [authorization].[grants] ([grant_id], [rank_id], [opr_id]) VALUES (162, 3, 284)

INSERT INTO [authorization].[grants] ([grant_id], [rank_id], [opr_id]) VALUES (163, 3, 285)

INSERT INTO [authorization].[grants] ([grant_id], [rank_id], [opr_id]) VALUES (164, 3, 286)

INSERT INTO [authorization].[grants] ([grant_id], [rank_id], [opr_id]) VALUES (165, 3, 287)

INSERT INTO [authorization].[grants] ([grant_id], [rank_id], [opr_id]) VALUES (166, 3, 288)

INSERT INTO [authorization].[grants] ([grant_id], [rank_id], [opr_id]) VALUES (167, 3, 289)

INSERT INTO [authorization].[grants] ([grant_id], [rank_id], [opr_id]) VALUES (168, 3, 290)

INSERT INTO [authorization].[grants] ([grant_id], [rank_id], [opr_id]) VALUES (169, 3, 291)

INSERT INTO [authorization].[grants] ([grant_id], [rank_id], [opr_id]) VALUES (170, 3, 292)

INSERT INTO [authorization].[grants] ([grant_id], [rank_id], [opr_id]) VALUES (171, 3, 293)

INSERT INTO [authorization].[grants] ([grant_id], [rank_id], [opr_id]) VALUES (172, 3, 294)

INSERT INTO [authorization].[grants] ([grant_id], [rank_id], [opr_id]) VALUES (173, 3, 295)

INSERT INTO [authorization].[grants] ([grant_id], [rank_id], [opr_id]) VALUES (174, 3, 296)

INSERT INTO [authorization].[grants] ([grant_id], [rank_id], [opr_id]) VALUES (175, 3, 297)

INSERT INTO [authorization].[grants] ([grant_id], [rank_id], [opr_id]) VALUES (176, 3, 298)

INSERT INTO [authorization].[grants] ([grant_id], [rank_id], [opr_id]) VALUES (177, 3, 299)

INSERT INTO [authorization].[grants] ([grant_id], [rank_id], [opr_id]) VALUES (178, 3, 306)

INSERT INTO [authorization].[grants] ([grant_id], [rank_id], [opr_id]) VALUES (179, 3, 308)

INSERT INTO [authorization].[grants] ([grant_id], [rank_id], [opr_id]) VALUES (180, 4, 1)

INSERT INTO [authorization].[grants] ([grant_id], [rank_id], [opr_id]) VALUES (181, 4, 2)

INSERT INTO [authorization].[grants] ([grant_id], [rank_id], [opr_id]) VALUES (182, 4, 58)

INSERT INTO [authorization].[grants] ([grant_id], [rank_id], [opr_id]) VALUES (183, 4, 59)

INSERT INTO [authorization].[grants] ([grant_id], [rank_id], [opr_id]) VALUES (184, 4, 60)

INSERT INTO [authorization].[grants] ([grant_id], [rank_id], [opr_id]) VALUES (185, 4, 70)

INSERT INTO [authorization].[grants] ([grant_id], [rank_id], [opr_id]) VALUES (186, 5, 1)

INSERT INTO [authorization].[grants] ([grant_id], [rank_id], [opr_id]) VALUES (187, 5, 2)

INSERT INTO [authorization].[grants] ([grant_id], [rank_id], [opr_id]) VALUES (188, 5, 50)

INSERT INTO [authorization].[grants] ([grant_id], [rank_id], [opr_id]) VALUES (189, 5, 51)

INSERT INTO [authorization].[grants] ([grant_id], [rank_id], [opr_id]) VALUES (190, 5, 52)

INSERT INTO [authorization].[grants] ([grant_id], [rank_id], [opr_id]) VALUES (191, 5, 53)

INSERT INTO [authorization].[grants] ([grant_id], [rank_id], [opr_id]) VALUES (192, 5, 54)

INSERT INTO [authorization].[grants] ([grant_id], [rank_id], [opr_id]) VALUES (193, 5, 55)

INSERT INTO [authorization].[grants] ([grant_id], [rank_id], [opr_id]) VALUES (194, 5, 56)

INSERT INTO [authorization].[grants] ([grant_id], [rank_id], [opr_id]) VALUES (195, 5, 57)

INSERT INTO [authorization].[grants] ([grant_id], [rank_id], [opr_id]) VALUES (196, 5, 58)

INSERT INTO [authorization].[grants] ([grant_id], [rank_id], [opr_id]) VALUES (197, 5, 59)

INSERT INTO [authorization].[grants] ([grant_id], [rank_id], [opr_id]) VALUES (198, 5, 60)

INSERT INTO [authorization].[grants] ([grant_id], [rank_id], [opr_id]) VALUES (199, 5, 64)

INSERT INTO [authorization].[grants] ([grant_id], [rank_id], [opr_id]) VALUES (200, 5, 70)

INSERT INTO [authorization].[grants] ([grant_id], [rank_id], [opr_id]) VALUES (201, 5, 105)

INSERT INTO [authorization].[grants] ([grant_id], [rank_id], [opr_id]) VALUES (202, 5, 111)

INSERT INTO [authorization].[grants] ([grant_id], [rank_id], [opr_id]) VALUES (203, 5, 112)

INSERT INTO [authorization].[grants] ([grant_id], [rank_id], [opr_id]) VALUES (204, 5, 113)

INSERT INTO [authorization].[grants] ([grant_id], [rank_id], [opr_id]) VALUES (205, 5, 114)

INSERT INTO [authorization].[grants] ([grant_id], [rank_id], [opr_id]) VALUES (206, 5, 115)

INSERT INTO [authorization].[grants] ([grant_id], [rank_id], [opr_id]) VALUES (207, 5, 116)

INSERT INTO [authorization].[grants] ([grant_id], [rank_id], [opr_id]) VALUES (208, 5, 117)

INSERT INTO [authorization].[grants] ([grant_id], [rank_id], [opr_id]) VALUES (209, 5, 118)

INSERT INTO [authorization].[grants] ([grant_id], [rank_id], [opr_id]) VALUES (210, 5, 119)

INSERT INTO [authorization].[grants] ([grant_id], [rank_id], [opr_id]) VALUES (211, 5, 120)

INSERT INTO [authorization].[grants] ([grant_id], [rank_id], [opr_id]) VALUES (212, 5, 121)

INSERT INTO [authorization].[grants] ([grant_id], [rank_id], [opr_id]) VALUES (213, 5, 122)

INSERT INTO [authorization].[grants] ([grant_id], [rank_id], [opr_id]) VALUES (214, 5, 123)

INSERT INTO [authorization].[grants] ([grant_id], [rank_id], [opr_id]) VALUES (215, 5, 124)

INSERT INTO [authorization].[grants] ([grant_id], [rank_id], [opr_id]) VALUES (216, 5, 125)

INSERT INTO [authorization].[grants] ([grant_id], [rank_id], [opr_id]) VALUES (217, 5, 126)

INSERT INTO [authorization].[grants] ([grant_id], [rank_id], [opr_id]) VALUES (218, 5, 127)

INSERT INTO [authorization].[grants] ([grant_id], [rank_id], [opr_id]) VALUES (219, 5, 128)

INSERT INTO [authorization].[grants] ([grant_id], [rank_id], [opr_id]) VALUES (220, 5, 129)

INSERT INTO [authorization].[grants] ([grant_id], [rank_id], [opr_id]) VALUES (221, 5, 130)

INSERT INTO [authorization].[grants] ([grant_id], [rank_id], [opr_id]) VALUES (222, 5, 131)

INSERT INTO [authorization].[grants] ([grant_id], [rank_id], [opr_id]) VALUES (223, 5, 132)

INSERT INTO [authorization].[grants] ([grant_id], [rank_id], [opr_id]) VALUES (224, 5, 133)

INSERT INTO [authorization].[grants] ([grant_id], [rank_id], [opr_id]) VALUES (225, 5, 134)

INSERT INTO [authorization].[grants] ([grant_id], [rank_id], [opr_id]) VALUES (226, 5, 135)

INSERT INTO [authorization].[grants] ([grant_id], [rank_id], [opr_id]) VALUES (227, 5, 136)

INSERT INTO [authorization].[grants] ([grant_id], [rank_id], [opr_id]) VALUES (228, 5, 137)

INSERT INTO [authorization].[grants] ([grant_id], [rank_id], [opr_id]) VALUES (229, 5, 138)

INSERT INTO [authorization].[grants] ([grant_id], [rank_id], [opr_id]) VALUES (230, 5, 139)

INSERT INTO [authorization].[grants] ([grant_id], [rank_id], [opr_id]) VALUES (231, 5, 140)

INSERT INTO [authorization].[grants] ([grant_id], [rank_id], [opr_id]) VALUES (232, 5, 141)

INSERT INTO [authorization].[grants] ([grant_id], [rank_id], [opr_id]) VALUES (233, 5, 142)

INSERT INTO [authorization].[grants] ([grant_id], [rank_id], [opr_id]) VALUES (234, 5, 143)

INSERT INTO [authorization].[grants] ([grant_id], [rank_id], [opr_id]) VALUES (235, 5, 144)

INSERT INTO [authorization].[grants] ([grant_id], [rank_id], [opr_id]) VALUES (236, 5, 145)

INSERT INTO [authorization].[grants] ([grant_id], [rank_id], [opr_id]) VALUES (237, 5, 146)

INSERT INTO [authorization].[grants] ([grant_id], [rank_id], [opr_id]) VALUES (238, 5, 147)

INSERT INTO [authorization].[grants] ([grant_id], [rank_id], [opr_id]) VALUES (239, 5, 148)

INSERT INTO [authorization].[grants] ([grant_id], [rank_id], [opr_id]) VALUES (240, 5, 149)

INSERT INTO [authorization].[grants] ([grant_id], [rank_id], [opr_id]) VALUES (241, 5, 150)

INSERT INTO [authorization].[grants] ([grant_id], [rank_id], [opr_id]) VALUES (242, 5, 151)

INSERT INTO [authorization].[grants] ([grant_id], [rank_id], [opr_id]) VALUES (243, 5, 152)

INSERT INTO [authorization].[grants] ([grant_id], [rank_id], [opr_id]) VALUES (244, 5, 153)

INSERT INTO [authorization].[grants] ([grant_id], [rank_id], [opr_id]) VALUES (245, 5, 154)

INSERT INTO [authorization].[grants] ([grant_id], [rank_id], [opr_id]) VALUES (246, 5, 155)

INSERT INTO [authorization].[grants] ([grant_id], [rank_id], [opr_id]) VALUES (247, 5, 156)

INSERT INTO [authorization].[grants] ([grant_id], [rank_id], [opr_id]) VALUES (248, 5, 157)

INSERT INTO [authorization].[grants] ([grant_id], [rank_id], [opr_id]) VALUES (249, 5, 158)

INSERT INTO [authorization].[grants] ([grant_id], [rank_id], [opr_id]) VALUES (250, 5, 159)

INSERT INTO [authorization].[grants] ([grant_id], [rank_id], [opr_id]) VALUES (251, 5, 160)

INSERT INTO [authorization].[grants] ([grant_id], [rank_id], [opr_id]) VALUES (252, 5, 161)

INSERT INTO [authorization].[grants] ([grant_id], [rank_id], [opr_id]) VALUES (253, 5, 162)

INSERT INTO [authorization].[grants] ([grant_id], [rank_id], [opr_id]) VALUES (254, 5, 163)

INSERT INTO [authorization].[grants] ([grant_id], [rank_id], [opr_id]) VALUES (255, 5, 164)

INSERT INTO [authorization].[grants] ([grant_id], [rank_id], [opr_id]) VALUES (256, 5, 165)

INSERT INTO [authorization].[grants] ([grant_id], [rank_id], [opr_id]) VALUES (257, 5, 166)

INSERT INTO [authorization].[grants] ([grant_id], [rank_id], [opr_id]) VALUES (258, 5, 167)

INSERT INTO [authorization].[grants] ([grant_id], [rank_id], [opr_id]) VALUES (259, 5, 168)

INSERT INTO [authorization].[grants] ([grant_id], [rank_id], [opr_id]) VALUES (260, 5, 169)

INSERT INTO [authorization].[grants] ([grant_id], [rank_id], [opr_id]) VALUES (261, 5, 170)

INSERT INTO [authorization].[grants] ([grant_id], [rank_id], [opr_id]) VALUES (262, 5, 171)

INSERT INTO [authorization].[grants] ([grant_id], [rank_id], [opr_id]) VALUES (263, 5, 172)

INSERT INTO [authorization].[grants] ([grant_id], [rank_id], [opr_id]) VALUES (264, 5, 173)

INSERT INTO [authorization].[grants] ([grant_id], [rank_id], [opr_id]) VALUES (265, 5, 174)

INSERT INTO [authorization].[grants] ([grant_id], [rank_id], [opr_id]) VALUES (266, 5, 175)

INSERT INTO [authorization].[grants] ([grant_id], [rank_id], [opr_id]) VALUES (267, 5, 176)

INSERT INTO [authorization].[grants] ([grant_id], [rank_id], [opr_id]) VALUES (268, 5, 193)

INSERT INTO [authorization].[grants] ([grant_id], [rank_id], [opr_id]) VALUES (269, 5, 194)

INSERT INTO [authorization].[grants] ([grant_id], [rank_id], [opr_id]) VALUES (270, 5, 195)

INSERT INTO [authorization].[grants] ([grant_id], [rank_id], [opr_id]) VALUES (271, 5, 196)

INSERT INTO [authorization].[grants] ([grant_id], [rank_id], [opr_id]) VALUES (272, 5, 197)

INSERT INTO [authorization].[grants] ([grant_id], [rank_id], [opr_id]) VALUES (273, 5, 198)

INSERT INTO [authorization].[grants] ([grant_id], [rank_id], [opr_id]) VALUES (274, 5, 199)

INSERT INTO [authorization].[grants] ([grant_id], [rank_id], [opr_id]) VALUES (275, 5, 200)

INSERT INTO [authorization].[grants] ([grant_id], [rank_id], [opr_id]) VALUES (276, 5, 201)

INSERT INTO [authorization].[grants] ([grant_id], [rank_id], [opr_id]) VALUES (277, 5, 202)

INSERT INTO [authorization].[grants] ([grant_id], [rank_id], [opr_id]) VALUES (278, 5, 203)

INSERT INTO [authorization].[grants] ([grant_id], [rank_id], [opr_id]) VALUES (279, 5, 204)

INSERT INTO [authorization].[grants] ([grant_id], [rank_id], [opr_id]) VALUES (280, 5, 205)

INSERT INTO [authorization].[grants] ([grant_id], [rank_id], [opr_id]) VALUES (281, 5, 215)

INSERT INTO [authorization].[grants] ([grant_id], [rank_id], [opr_id]) VALUES (282, 5, 216)

INSERT INTO [authorization].[grants] ([grant_id], [rank_id], [opr_id]) VALUES (283, 5, 217)

INSERT INTO [authorization].[grants] ([grant_id], [rank_id], [opr_id]) VALUES (284, 5, 218)

INSERT INTO [authorization].[grants] ([grant_id], [rank_id], [opr_id]) VALUES (285, 5, 254)

INSERT INTO [authorization].[grants] ([grant_id], [rank_id], [opr_id]) VALUES (286, 5, 255)

INSERT INTO [authorization].[grants] ([grant_id], [rank_id], [opr_id]) VALUES (287, 5, 256)

INSERT INTO [authorization].[grants] ([grant_id], [rank_id], [opr_id]) VALUES (288, 5, 259)

INSERT INTO [authorization].[grants] ([grant_id], [rank_id], [opr_id]) VALUES (289, 5, 262)

INSERT INTO [authorization].[grants] ([grant_id], [rank_id], [opr_id]) VALUES (290, 5, 270)

INSERT INTO [authorization].[grants] ([grant_id], [rank_id], [opr_id]) VALUES (291, 5, 271)

INSERT INTO [authorization].[grants] ([grant_id], [rank_id], [opr_id]) VALUES (292, 5, 278)

INSERT INTO [authorization].[grants] ([grant_id], [rank_id], [opr_id]) VALUES (293, 5, 279)

INSERT INTO [authorization].[grants] ([grant_id], [rank_id], [opr_id]) VALUES (294, 5, 280)

INSERT INTO [authorization].[grants] ([grant_id], [rank_id], [opr_id]) VALUES (295, 5, 281)

INSERT INTO [authorization].[grants] ([grant_id], [rank_id], [opr_id]) VALUES (296, 5, 282)

INSERT INTO [authorization].[grants] ([grant_id], [rank_id], [opr_id]) VALUES (297, 5, 309)

INSERT INTO [authorization].[grants] ([grant_id], [rank_id], [opr_id]) VALUES (298, 5, 310)

INSERT INTO [authorization].[grants] ([grant_id], [rank_id], [opr_id]) VALUES (299, 5, 311)

INSERT INTO [authorization].[grants] ([grant_id], [rank_id], [opr_id]) VALUES (300, 5, 312)

INSERT INTO [authorization].[grants] ([grant_id], [rank_id], [opr_id]) VALUES (301, 5, 313)

INSERT INTO [authorization].[grants] ([grant_id], [rank_id], [opr_id]) VALUES (302, 5, 314)

INSERT INTO [authorization].[grants] ([grant_id], [rank_id], [opr_id]) VALUES (303, 5, 315)

INSERT INTO [authorization].[grants] ([grant_id], [rank_id], [opr_id]) VALUES (304, 8, 1)

INSERT INTO [authorization].[grants] ([grant_id], [rank_id], [opr_id]) VALUES (305, 8, 2)

INSERT INTO [authorization].[grants] ([grant_id], [rank_id], [opr_id]) VALUES (306, 8, 58)

INSERT INTO [authorization].[grants] ([grant_id], [rank_id], [opr_id]) VALUES (307, 8, 60)

INSERT INTO [authorization].[grants] ([grant_id], [rank_id], [opr_id]) VALUES (308, 8, 67)

INSERT INTO [authorization].[grants] ([grant_id], [rank_id], [opr_id]) VALUES (309, 8, 68)

INSERT INTO [authorization].[grants] ([grant_id], [rank_id], [opr_id]) VALUES (310, 8, 69)

INSERT INTO [authorization].[grants] ([grant_id], [rank_id], [opr_id]) VALUES (311, 8, 70)

INSERT INTO [authorization].[grants] ([grant_id], [rank_id], [opr_id]) VALUES (312, 8, 73)

INSERT INTO [authorization].[grants] ([grant_id], [rank_id], [opr_id]) VALUES (313, 8, 74)

INSERT INTO [authorization].[grants] ([grant_id], [rank_id], [opr_id]) VALUES (314, 8, 75)

INSERT INTO [authorization].[grants] ([grant_id], [rank_id], [opr_id]) VALUES (315, 8, 76)

INSERT INTO [authorization].[grants] ([grant_id], [rank_id], [opr_id]) VALUES (316, 8, 77)

INSERT INTO [authorization].[grants] ([grant_id], [rank_id], [opr_id]) VALUES (317, 8, 78)

INSERT INTO [authorization].[grants] ([grant_id], [rank_id], [opr_id]) VALUES (318, 8, 79)

INSERT INTO [authorization].[grants] ([grant_id], [rank_id], [opr_id]) VALUES (319, 8, 80)

INSERT INTO [authorization].[grants] ([grant_id], [rank_id], [opr_id]) VALUES (320, 8, 81)

INSERT INTO [authorization].[grants] ([grant_id], [rank_id], [opr_id]) VALUES (321, 8, 82)

INSERT INTO [authorization].[grants] ([grant_id], [rank_id], [opr_id]) VALUES (322, 8, 83)

INSERT INTO [authorization].[grants] ([grant_id], [rank_id], [opr_id]) VALUES (323, 8, 84)

INSERT INTO [authorization].[grants] ([grant_id], [rank_id], [opr_id]) VALUES (324, 8, 206)

INSERT INTO [authorization].[grants] ([grant_id], [rank_id], [opr_id]) VALUES (325, 8, 207)

INSERT INTO [authorization].[grants] ([grant_id], [rank_id], [opr_id]) VALUES (326, 8, 249)

INSERT INTO [authorization].[grants] ([grant_id], [rank_id], [opr_id]) VALUES (327, 8, 250)

INSERT INTO [authorization].[grants] ([grant_id], [rank_id], [opr_id]) VALUES (328, 8, 251)

INSERT INTO [authorization].[grants] ([grant_id], [rank_id], [opr_id]) VALUES (329, 8, 252)

INSERT INTO [authorization].[grants] ([grant_id], [rank_id], [opr_id]) VALUES (330, 8, 253)

INSERT INTO [authorization].[grants] ([grant_id], [rank_id], [opr_id]) VALUES (331, 8, 256)

INSERT INTO [authorization].[grants] ([grant_id], [rank_id], [opr_id]) VALUES (332, 8, 259)

INSERT INTO [authorization].[grants] ([grant_id], [rank_id], [opr_id]) VALUES (333, 8, 260)

INSERT INTO [authorization].[grants] ([grant_id], [rank_id], [opr_id]) VALUES (334, 8, 261)

INSERT INTO [authorization].[grants] ([grant_id], [rank_id], [opr_id]) VALUES (335, 8, 263)

INSERT INTO [authorization].[grants] ([grant_id], [rank_id], [opr_id]) VALUES (336, 8, 264)

INSERT INTO [authorization].[grants] ([grant_id], [rank_id], [opr_id]) VALUES (337, 8, 265)

INSERT INTO [authorization].[grants] ([grant_id], [rank_id], [opr_id]) VALUES (338, 8, 266)

INSERT INTO [authorization].[grants] ([grant_id], [rank_id], [opr_id]) VALUES (339, 8, 269)

INSERT INTO [authorization].[grants] ([grant_id], [rank_id], [opr_id]) VALUES (340, 8, 283)

INSERT INTO [authorization].[grants] ([grant_id], [rank_id], [opr_id]) VALUES (341, 8, 284)

INSERT INTO [authorization].[grants] ([grant_id], [rank_id], [opr_id]) VALUES (342, 8, 285)

INSERT INTO [authorization].[grants] ([grant_id], [rank_id], [opr_id]) VALUES (343, 8, 286)

INSERT INTO [authorization].[grants] ([grant_id], [rank_id], [opr_id]) VALUES (344, 8, 287)

INSERT INTO [authorization].[grants] ([grant_id], [rank_id], [opr_id]) VALUES (345, 8, 288)

INSERT INTO [authorization].[grants] ([grant_id], [rank_id], [opr_id]) VALUES (346, 8, 289)

INSERT INTO [authorization].[grants] ([grant_id], [rank_id], [opr_id]) VALUES (347, 8, 290)

INSERT INTO [authorization].[grants] ([grant_id], [rank_id], [opr_id]) VALUES (348, 8, 291)

INSERT INTO [authorization].[grants] ([grant_id], [rank_id], [opr_id]) VALUES (349, 8, 292)

INSERT INTO [authorization].[grants] ([grant_id], [rank_id], [opr_id]) VALUES (350, 8, 293)

INSERT INTO [authorization].[grants] ([grant_id], [rank_id], [opr_id]) VALUES (351, 8, 294)

INSERT INTO [authorization].[grants] ([grant_id], [rank_id], [opr_id]) VALUES (352, 8, 295)

INSERT INTO [authorization].[grants] ([grant_id], [rank_id], [opr_id]) VALUES (353, 8, 296)

INSERT INTO [authorization].[grants] ([grant_id], [rank_id], [opr_id]) VALUES (354, 8, 297)

INSERT INTO [authorization].[grants] ([grant_id], [rank_id], [opr_id]) VALUES (355, 8, 298)

INSERT INTO [authorization].[grants] ([grant_id], [rank_id], [opr_id]) VALUES (356, 8, 299)

INSERT INTO [authorization].[grants] ([grant_id], [rank_id], [opr_id]) VALUES (357, 8, 306)

INSERT INTO [authorization].[grants] ([grant_id], [rank_id], [opr_id]) VALUES (358, 8, 308)

INSERT INTO [authorization].[grants] ([grant_id], [rank_id], [opr_id]) VALUES (359, 9, 59)

INSERT INTO [authorization].[grants] ([grant_id], [rank_id], [opr_id]) VALUES (360, 9, 71)

INSERT INTO [authorization].[grants] ([grant_id], [rank_id], [opr_id]) VALUES (361, 9, 72)

INSERT INTO [authorization].[grants] ([grant_id], [rank_id], [opr_id]) VALUES (362, 9, 85)

INSERT INTO [authorization].[grants] ([grant_id], [rank_id], [opr_id]) VALUES (363, 9, 86)

INSERT INTO [authorization].[grants] ([grant_id], [rank_id], [opr_id]) VALUES (364, 9, 87)

INSERT INTO [authorization].[grants] ([grant_id], [rank_id], [opr_id]) VALUES (365, 9, 88)

INSERT INTO [authorization].[grants] ([grant_id], [rank_id], [opr_id]) VALUES (366, 9, 89)

INSERT INTO [authorization].[grants] ([grant_id], [rank_id], [opr_id]) VALUES (367, 9, 90)

INSERT INTO [authorization].[grants] ([grant_id], [rank_id], [opr_id]) VALUES (368, 9, 91)

INSERT INTO [authorization].[grants] ([grant_id], [rank_id], [opr_id]) VALUES (369, 9, 92)

INSERT INTO [authorization].[grants] ([grant_id], [rank_id], [opr_id]) VALUES (370, 9, 93)

INSERT INTO [authorization].[grants] ([grant_id], [rank_id], [opr_id]) VALUES (371, 9, 94)

INSERT INTO [authorization].[grants] ([grant_id], [rank_id], [opr_id]) VALUES (372, 9, 101)

INSERT INTO [authorization].[grants] ([grant_id], [rank_id], [opr_id]) VALUES (373, 9, 102)

INSERT INTO [authorization].[grants] ([grant_id], [rank_id], [opr_id]) VALUES (374, 9, 107)

INSERT INTO [authorization].[grants] ([grant_id], [rank_id], [opr_id]) VALUES (375, 9, 108)

INSERT INTO [authorization].[grants] ([grant_id], [rank_id], [opr_id]) VALUES (376, 9, 109)

INSERT INTO [authorization].[grants] ([grant_id], [rank_id], [opr_id]) VALUES (377, 9, 110)

INSERT INTO [authorization].[grants] ([grant_id], [rank_id], [opr_id]) VALUES (378, 9, 177)

INSERT INTO [authorization].[grants] ([grant_id], [rank_id], [opr_id]) VALUES (379, 9, 178)

INSERT INTO [authorization].[grants] ([grant_id], [rank_id], [opr_id]) VALUES (380, 9, 179)

INSERT INTO [authorization].[grants] ([grant_id], [rank_id], [opr_id]) VALUES (381, 9, 180)

INSERT INTO [authorization].[grants] ([grant_id], [rank_id], [opr_id]) VALUES (382, 9, 181)

INSERT INTO [authorization].[grants] ([grant_id], [rank_id], [opr_id]) VALUES (383, 9, 182)

INSERT INTO [authorization].[grants] ([grant_id], [rank_id], [opr_id]) VALUES (384, 9, 183)

INSERT INTO [authorization].[grants] ([grant_id], [rank_id], [opr_id]) VALUES (385, 9, 184)

INSERT INTO [authorization].[grants] ([grant_id], [rank_id], [opr_id]) VALUES (386, 9, 185)

INSERT INTO [authorization].[grants] ([grant_id], [rank_id], [opr_id]) VALUES (387, 9, 186)

INSERT INTO [authorization].[grants] ([grant_id], [rank_id], [opr_id]) VALUES (388, 9, 187)

INSERT INTO [authorization].[grants] ([grant_id], [rank_id], [opr_id]) VALUES (389, 9, 188)

INSERT INTO [authorization].[grants] ([grant_id], [rank_id], [opr_id]) VALUES (390, 9, 189)

INSERT INTO [authorization].[grants] ([grant_id], [rank_id], [opr_id]) VALUES (391, 9, 190)

INSERT INTO [authorization].[grants] ([grant_id], [rank_id], [opr_id]) VALUES (392, 9, 191)

INSERT INTO [authorization].[grants] ([grant_id], [rank_id], [opr_id]) VALUES (393, 9, 192)

INSERT INTO [authorization].[grants] ([grant_id], [rank_id], [opr_id]) VALUES (394, 9, 193)

INSERT INTO [authorization].[grants] ([grant_id], [rank_id], [opr_id]) VALUES (395, 9, 194)

INSERT INTO [authorization].[grants] ([grant_id], [rank_id], [opr_id]) VALUES (396, 9, 195)

INSERT INTO [authorization].[grants] ([grant_id], [rank_id], [opr_id]) VALUES (397, 9, 196)

INSERT INTO [authorization].[grants] ([grant_id], [rank_id], [opr_id]) VALUES (398, 9, 197)

INSERT INTO [authorization].[grants] ([grant_id], [rank_id], [opr_id]) VALUES (399, 9, 198)

INSERT INTO [authorization].[grants] ([grant_id], [rank_id], [opr_id]) VALUES (400, 9, 199)

INSERT INTO [authorization].[grants] ([grant_id], [rank_id], [opr_id]) VALUES (401, 9, 200)

INSERT INTO [authorization].[grants] ([grant_id], [rank_id], [opr_id]) VALUES (402, 9, 201)

INSERT INTO [authorization].[grants] ([grant_id], [rank_id], [opr_id]) VALUES (403, 9, 202)

INSERT INTO [authorization].[grants] ([grant_id], [rank_id], [opr_id]) VALUES (404, 9, 203)

INSERT INTO [authorization].[grants] ([grant_id], [rank_id], [opr_id]) VALUES (405, 9, 204)

INSERT INTO [authorization].[grants] ([grant_id], [rank_id], [opr_id]) VALUES (406, 9, 205)

INSERT INTO [authorization].[grants] ([grant_id], [rank_id], [opr_id]) VALUES (407, 9, 211)

INSERT INTO [authorization].[grants] ([grant_id], [rank_id], [opr_id]) VALUES (408, 9, 212)

INSERT INTO [authorization].[grants] ([grant_id], [rank_id], [opr_id]) VALUES (409, 9, 213)

INSERT INTO [authorization].[grants] ([grant_id], [rank_id], [opr_id]) VALUES (410, 9, 214)

INSERT INTO [authorization].[grants] ([grant_id], [rank_id], [opr_id]) VALUES (411, 9, 254)

INSERT INTO [authorization].[grants] ([grant_id], [rank_id], [opr_id]) VALUES (412, 9, 255)

INSERT INTO [authorization].[grants] ([grant_id], [rank_id], [opr_id]) VALUES (413, 9, 258)

INSERT INTO [authorization].[grants] ([grant_id], [rank_id], [opr_id]) VALUES (414, 9, 260)

INSERT INTO [authorization].[grants] ([grant_id], [rank_id], [opr_id]) VALUES (415, 9, 261)

INSERT INTO [authorization].[grants] ([grant_id], [rank_id], [opr_id]) VALUES (416, 9, 267)

INSERT INTO [authorization].[grants] ([grant_id], [rank_id], [opr_id]) VALUES (417, 9, 268)

INSERT INTO [authorization].[grants] ([grant_id], [rank_id], [opr_id]) VALUES (418, 9, 272)

INSERT INTO [authorization].[grants] ([grant_id], [rank_id], [opr_id]) VALUES (419, 9, 273)

INSERT INTO [authorization].[grants] ([grant_id], [rank_id], [opr_id]) VALUES (420, 9, 274)

INSERT INTO [authorization].[grants] ([grant_id], [rank_id], [opr_id]) VALUES (421, 9, 275)

INSERT INTO [authorization].[grants] ([grant_id], [rank_id], [opr_id]) VALUES (422, 9, 276)

INSERT INTO [authorization].[grants] ([grant_id], [rank_id], [opr_id]) VALUES (423, 9, 277)

INSERT INTO [authorization].[grants] ([grant_id], [rank_id], [opr_id]) VALUES (424, 9, 279)

INSERT INTO [authorization].[grants] ([grant_id], [rank_id], [opr_id]) VALUES (425, 9, 280)

INSERT INTO [authorization].[grants] ([grant_id], [rank_id], [opr_id]) VALUES (426, 9, 281)

INSERT INTO [authorization].[grants] ([grant_id], [rank_id], [opr_id]) VALUES (427, 9, 282)

INSERT INTO [authorization].[grants] ([grant_id], [rank_id], [opr_id]) VALUES (428, 9, 309)

INSERT INTO [authorization].[grants] ([grant_id], [rank_id], [opr_id]) VALUES (429, 9, 310)

INSERT INTO [authorization].[grants] ([grant_id], [rank_id], [opr_id]) VALUES (430, 9, 311)

INSERT INTO [authorization].[grants] ([grant_id], [rank_id], [opr_id]) VALUES (431, 9, 312)

INSERT INTO [authorization].[grants] ([grant_id], [rank_id], [opr_id]) VALUES (432, 9, 313)

INSERT INTO [authorization].[grants] ([grant_id], [rank_id], [opr_id]) VALUES (433, 9, 314)

INSERT INTO [authorization].[grants] ([grant_id], [rank_id], [opr_id]) VALUES (434, 9, 315)

INSERT INTO [authorization].[grants] ([grant_id], [rank_id], [opr_id]) VALUES (435, 10, 2)

INSERT INTO [authorization].[grants] ([grant_id], [rank_id], [opr_id]) VALUES (436, 10, 111)

INSERT INTO [authorization].[grants] ([grant_id], [rank_id], [opr_id]) VALUES (437, 10, 112)

INSERT INTO [authorization].[grants] ([grant_id], [rank_id], [opr_id]) VALUES (438, 10, 113)

INSERT INTO [authorization].[grants] ([grant_id], [rank_id], [opr_id]) VALUES (439, 10, 114)

INSERT INTO [authorization].[grants] ([grant_id], [rank_id], [opr_id]) VALUES (440, 10, 115)

INSERT INTO [authorization].[grants] ([grant_id], [rank_id], [opr_id]) VALUES (441, 10, 116)

INSERT INTO [authorization].[grants] ([grant_id], [rank_id], [opr_id]) VALUES (442, 10, 117)

INSERT INTO [authorization].[grants] ([grant_id], [rank_id], [opr_id]) VALUES (443, 10, 118)

INSERT INTO [authorization].[grants] ([grant_id], [rank_id], [opr_id]) VALUES (444, 10, 119)

INSERT INTO [authorization].[grants] ([grant_id], [rank_id], [opr_id]) VALUES (445, 10, 120)

INSERT INTO [authorization].[grants] ([grant_id], [rank_id], [opr_id]) VALUES (446, 10, 121)

INSERT INTO [authorization].[grants] ([grant_id], [rank_id], [opr_id]) VALUES (447, 10, 122)

INSERT INTO [authorization].[grants] ([grant_id], [rank_id], [opr_id]) VALUES (448, 10, 123)

INSERT INTO [authorization].[grants] ([grant_id], [rank_id], [opr_id]) VALUES (449, 10, 124)

INSERT INTO [authorization].[grants] ([grant_id], [rank_id], [opr_id]) VALUES (450, 10, 125)

INSERT INTO [authorization].[grants] ([grant_id], [rank_id], [opr_id]) VALUES (451, 10, 126)

INSERT INTO [authorization].[grants] ([grant_id], [rank_id], [opr_id]) VALUES (452, 10, 127)

INSERT INTO [authorization].[grants] ([grant_id], [rank_id], [opr_id]) VALUES (453, 10, 128)

INSERT INTO [authorization].[grants] ([grant_id], [rank_id], [opr_id]) VALUES (454, 10, 129)

INSERT INTO [authorization].[grants] ([grant_id], [rank_id], [opr_id]) VALUES (455, 10, 130)

INSERT INTO [authorization].[grants] ([grant_id], [rank_id], [opr_id]) VALUES (456, 10, 131)

INSERT INTO [authorization].[grants] ([grant_id], [rank_id], [opr_id]) VALUES (457, 10, 132)

INSERT INTO [authorization].[grants] ([grant_id], [rank_id], [opr_id]) VALUES (458, 10, 133)

INSERT INTO [authorization].[grants] ([grant_id], [rank_id], [opr_id]) VALUES (459, 10, 134)

INSERT INTO [authorization].[grants] ([grant_id], [rank_id], [opr_id]) VALUES (460, 10, 135)

INSERT INTO [authorization].[grants] ([grant_id], [rank_id], [opr_id]) VALUES (461, 10, 136)

INSERT INTO [authorization].[grants] ([grant_id], [rank_id], [opr_id]) VALUES (462, 10, 137)

INSERT INTO [authorization].[grants] ([grant_id], [rank_id], [opr_id]) VALUES (463, 10, 138)

INSERT INTO [authorization].[grants] ([grant_id], [rank_id], [opr_id]) VALUES (464, 10, 139)

INSERT INTO [authorization].[grants] ([grant_id], [rank_id], [opr_id]) VALUES (465, 10, 140)

INSERT INTO [authorization].[grants] ([grant_id], [rank_id], [opr_id]) VALUES (466, 10, 141)

INSERT INTO [authorization].[grants] ([grant_id], [rank_id], [opr_id]) VALUES (467, 10, 142)

INSERT INTO [authorization].[grants] ([grant_id], [rank_id], [opr_id]) VALUES (468, 10, 157)

INSERT INTO [authorization].[grants] ([grant_id], [rank_id], [opr_id]) VALUES (469, 10, 158)

INSERT INTO [authorization].[grants] ([grant_id], [rank_id], [opr_id]) VALUES (470, 10, 159)

INSERT INTO [authorization].[grants] ([grant_id], [rank_id], [opr_id]) VALUES (471, 10, 160)

INSERT INTO [authorization].[grants] ([grant_id], [rank_id], [opr_id]) VALUES (472, 10, 161)

INSERT INTO [authorization].[grants] ([grant_id], [rank_id], [opr_id]) VALUES (473, 10, 162)

INSERT INTO [authorization].[grants] ([grant_id], [rank_id], [opr_id]) VALUES (474, 10, 163)

INSERT INTO [authorization].[grants] ([grant_id], [rank_id], [opr_id]) VALUES (475, 10, 164)

INSERT INTO [authorization].[grants] ([grant_id], [rank_id], [opr_id]) VALUES (476, 10, 165)

INSERT INTO [authorization].[grants] ([grant_id], [rank_id], [opr_id]) VALUES (477, 10, 166)

INSERT INTO [authorization].[grants] ([grant_id], [rank_id], [opr_id]) VALUES (478, 10, 167)

INSERT INTO [authorization].[grants] ([grant_id], [rank_id], [opr_id]) VALUES (479, 10, 168)

INSERT INTO [authorization].[grants] ([grant_id], [rank_id], [opr_id]) VALUES (480, 10, 169)

INSERT INTO [authorization].[grants] ([grant_id], [rank_id], [opr_id]) VALUES (481, 10, 170)

INSERT INTO [authorization].[grants] ([grant_id], [rank_id], [opr_id]) VALUES (482, 10, 171)

INSERT INTO [authorization].[grants] ([grant_id], [rank_id], [opr_id]) VALUES (483, 10, 172)

INSERT INTO [authorization].[grants] ([grant_id], [rank_id], [opr_id]) VALUES (484, 10, 173)

INSERT INTO [authorization].[grants] ([grant_id], [rank_id], [opr_id]) VALUES (485, 10, 175)

INSERT INTO [authorization].[grants] ([grant_id], [rank_id], [opr_id]) VALUES (486, 10, 176)

INSERT INTO [authorization].[grants] ([grant_id], [rank_id], [opr_id]) VALUES (487, 10, 254)

INSERT INTO [authorization].[grants] ([grant_id], [rank_id], [opr_id]) VALUES (488, 10, 255)

INSERT INTO [authorization].[grants] ([grant_id], [rank_id], [opr_id]) VALUES (489, 10, 256)

INSERT INTO [authorization].[grants] ([grant_id], [rank_id], [opr_id]) VALUES (490, 10, 259)

INSERT INTO [authorization].[grants] ([grant_id], [rank_id], [opr_id]) VALUES (491, 10, 279)

INSERT INTO [authorization].[grants] ([grant_id], [rank_id], [opr_id]) VALUES (492, 10, 280)

INSERT INTO [authorization].[grants] ([grant_id], [rank_id], [opr_id]) VALUES (493, 10, 281)

INSERT INTO [authorization].[grants] ([grant_id], [rank_id], [opr_id]) VALUES (494, 10, 282)

INSERT INTO [authorization].[grants] ([grant_id], [rank_id], [opr_id]) VALUES (495, 11, 2)

INSERT INTO [authorization].[grants] ([grant_id], [rank_id], [opr_id]) VALUES (496, 11, 111)

INSERT INTO [authorization].[grants] ([grant_id], [rank_id], [opr_id]) VALUES (497, 11, 112)

INSERT INTO [authorization].[grants] ([grant_id], [rank_id], [opr_id]) VALUES (498, 11, 113)

INSERT INTO [authorization].[grants] ([grant_id], [rank_id], [opr_id]) VALUES (499, 11, 114)

INSERT INTO [authorization].[grants] ([grant_id], [rank_id], [opr_id]) VALUES (500, 11, 115)

INSERT INTO [authorization].[grants] ([grant_id], [rank_id], [opr_id]) VALUES (501, 11, 116)

INSERT INTO [authorization].[grants] ([grant_id], [rank_id], [opr_id]) VALUES (502, 11, 117)

INSERT INTO [authorization].[grants] ([grant_id], [rank_id], [opr_id]) VALUES (503, 11, 118)

INSERT INTO [authorization].[grants] ([grant_id], [rank_id], [opr_id]) VALUES (504, 11, 119)

INSERT INTO [authorization].[grants] ([grant_id], [rank_id], [opr_id]) VALUES (505, 11, 120)

INSERT INTO [authorization].[grants] ([grant_id], [rank_id], [opr_id]) VALUES (506, 11, 121)

INSERT INTO [authorization].[grants] ([grant_id], [rank_id], [opr_id]) VALUES (507, 11, 122)

INSERT INTO [authorization].[grants] ([grant_id], [rank_id], [opr_id]) VALUES (508, 11, 123)

INSERT INTO [authorization].[grants] ([grant_id], [rank_id], [opr_id]) VALUES (509, 11, 124)

INSERT INTO [authorization].[grants] ([grant_id], [rank_id], [opr_id]) VALUES (510, 11, 125)

INSERT INTO [authorization].[grants] ([grant_id], [rank_id], [opr_id]) VALUES (511, 11, 126)

INSERT INTO [authorization].[grants] ([grant_id], [rank_id], [opr_id]) VALUES (512, 11, 127)

INSERT INTO [authorization].[grants] ([grant_id], [rank_id], [opr_id]) VALUES (513, 11, 128)

INSERT INTO [authorization].[grants] ([grant_id], [rank_id], [opr_id]) VALUES (514, 11, 129)

INSERT INTO [authorization].[grants] ([grant_id], [rank_id], [opr_id]) VALUES (515, 11, 130)

INSERT INTO [authorization].[grants] ([grant_id], [rank_id], [opr_id]) VALUES (516, 11, 131)

INSERT INTO [authorization].[grants] ([grant_id], [rank_id], [opr_id]) VALUES (517, 11, 132)

INSERT INTO [authorization].[grants] ([grant_id], [rank_id], [opr_id]) VALUES (518, 11, 133)

INSERT INTO [authorization].[grants] ([grant_id], [rank_id], [opr_id]) VALUES (519, 11, 134)

INSERT INTO [authorization].[grants] ([grant_id], [rank_id], [opr_id]) VALUES (520, 11, 135)

INSERT INTO [authorization].[grants] ([grant_id], [rank_id], [opr_id]) VALUES (521, 11, 136)

INSERT INTO [authorization].[grants] ([grant_id], [rank_id], [opr_id]) VALUES (522, 11, 137)

INSERT INTO [authorization].[grants] ([grant_id], [rank_id], [opr_id]) VALUES (523, 11, 138)

INSERT INTO [authorization].[grants] ([grant_id], [rank_id], [opr_id]) VALUES (524, 11, 139)

INSERT INTO [authorization].[grants] ([grant_id], [rank_id], [opr_id]) VALUES (525, 11, 140)

INSERT INTO [authorization].[grants] ([grant_id], [rank_id], [opr_id]) VALUES (526, 11, 141)

INSERT INTO [authorization].[grants] ([grant_id], [rank_id], [opr_id]) VALUES (527, 11, 142)

INSERT INTO [authorization].[grants] ([grant_id], [rank_id], [opr_id]) VALUES (528, 11, 174)

INSERT INTO [authorization].[grants] ([grant_id], [rank_id], [opr_id]) VALUES (529, 11, 175)

INSERT INTO [authorization].[grants] ([grant_id], [rank_id], [opr_id]) VALUES (530, 11, 176)

INSERT INTO [authorization].[grants] ([grant_id], [rank_id], [opr_id]) VALUES (531, 11, 254)

INSERT INTO [authorization].[grants] ([grant_id], [rank_id], [opr_id]) VALUES (532, 11, 255)

INSERT INTO [authorization].[grants] ([grant_id], [rank_id], [opr_id]) VALUES (533, 11, 256)

INSERT INTO [authorization].[grants] ([grant_id], [rank_id], [opr_id]) VALUES (534, 11, 259)

INSERT INTO [authorization].[grants] ([grant_id], [rank_id], [opr_id]) VALUES (535, 11, 279)

INSERT INTO [authorization].[grants] ([grant_id], [rank_id], [opr_id]) VALUES (536, 11, 280)

INSERT INTO [authorization].[grants] ([grant_id], [rank_id], [opr_id]) VALUES (537, 11, 281)

INSERT INTO [authorization].[grants] ([grant_id], [rank_id], [opr_id]) VALUES (538, 11, 282)

INSERT INTO [authorization].[grants] ([grant_id], [rank_id], [opr_id]) VALUES (539, 12, 2)

INSERT INTO [authorization].[grants] ([grant_id], [rank_id], [opr_id]) VALUES (540, 12, 111)

INSERT INTO [authorization].[grants] ([grant_id], [rank_id], [opr_id]) VALUES (541, 12, 112)

INSERT INTO [authorization].[grants] ([grant_id], [rank_id], [opr_id]) VALUES (542, 12, 113)

INSERT INTO [authorization].[grants] ([grant_id], [rank_id], [opr_id]) VALUES (543, 12, 114)

INSERT INTO [authorization].[grants] ([grant_id], [rank_id], [opr_id]) VALUES (544, 12, 115)

INSERT INTO [authorization].[grants] ([grant_id], [rank_id], [opr_id]) VALUES (545, 12, 116)

INSERT INTO [authorization].[grants] ([grant_id], [rank_id], [opr_id]) VALUES (546, 12, 117)

INSERT INTO [authorization].[grants] ([grant_id], [rank_id], [opr_id]) VALUES (547, 12, 118)

INSERT INTO [authorization].[grants] ([grant_id], [rank_id], [opr_id]) VALUES (548, 12, 119)

INSERT INTO [authorization].[grants] ([grant_id], [rank_id], [opr_id]) VALUES (549, 12, 120)

INSERT INTO [authorization].[grants] ([grant_id], [rank_id], [opr_id]) VALUES (550, 12, 121)

INSERT INTO [authorization].[grants] ([grant_id], [rank_id], [opr_id]) VALUES (551, 12, 122)

INSERT INTO [authorization].[grants] ([grant_id], [rank_id], [opr_id]) VALUES (552, 12, 123)

INSERT INTO [authorization].[grants] ([grant_id], [rank_id], [opr_id]) VALUES (553, 12, 124)

INSERT INTO [authorization].[grants] ([grant_id], [rank_id], [opr_id]) VALUES (554, 12, 125)

INSERT INTO [authorization].[grants] ([grant_id], [rank_id], [opr_id]) VALUES (555, 12, 126)

INSERT INTO [authorization].[grants] ([grant_id], [rank_id], [opr_id]) VALUES (556, 12, 127)

INSERT INTO [authorization].[grants] ([grant_id], [rank_id], [opr_id]) VALUES (557, 12, 128)

INSERT INTO [authorization].[grants] ([grant_id], [rank_id], [opr_id]) VALUES (558, 12, 129)

INSERT INTO [authorization].[grants] ([grant_id], [rank_id], [opr_id]) VALUES (559, 12, 130)

INSERT INTO [authorization].[grants] ([grant_id], [rank_id], [opr_id]) VALUES (560, 12, 131)

INSERT INTO [authorization].[grants] ([grant_id], [rank_id], [opr_id]) VALUES (561, 12, 132)

INSERT INTO [authorization].[grants] ([grant_id], [rank_id], [opr_id]) VALUES (562, 12, 133)

INSERT INTO [authorization].[grants] ([grant_id], [rank_id], [opr_id]) VALUES (563, 12, 134)

INSERT INTO [authorization].[grants] ([grant_id], [rank_id], [opr_id]) VALUES (564, 12, 135)

INSERT INTO [authorization].[grants] ([grant_id], [rank_id], [opr_id]) VALUES (565, 12, 136)

INSERT INTO [authorization].[grants] ([grant_id], [rank_id], [opr_id]) VALUES (566, 12, 137)

INSERT INTO [authorization].[grants] ([grant_id], [rank_id], [opr_id]) VALUES (567, 12, 138)

INSERT INTO [authorization].[grants] ([grant_id], [rank_id], [opr_id]) VALUES (568, 12, 139)

INSERT INTO [authorization].[grants] ([grant_id], [rank_id], [opr_id]) VALUES (569, 12, 140)

INSERT INTO [authorization].[grants] ([grant_id], [rank_id], [opr_id]) VALUES (570, 12, 141)

INSERT INTO [authorization].[grants] ([grant_id], [rank_id], [opr_id]) VALUES (571, 12, 142)

INSERT INTO [authorization].[grants] ([grant_id], [rank_id], [opr_id]) VALUES (572, 12, 174)

INSERT INTO [authorization].[grants] ([grant_id], [rank_id], [opr_id]) VALUES (573, 12, 175)

INSERT INTO [authorization].[grants] ([grant_id], [rank_id], [opr_id]) VALUES (574, 12, 176)

INSERT INTO [authorization].[grants] ([grant_id], [rank_id], [opr_id]) VALUES (575, 12, 254)

INSERT INTO [authorization].[grants] ([grant_id], [rank_id], [opr_id]) VALUES (576, 12, 255)

INSERT INTO [authorization].[grants] ([grant_id], [rank_id], [opr_id]) VALUES (577, 12, 256)

INSERT INTO [authorization].[grants] ([grant_id], [rank_id], [opr_id]) VALUES (578, 12, 259)

INSERT INTO [authorization].[grants] ([grant_id], [rank_id], [opr_id]) VALUES (579, 12, 279)

INSERT INTO [authorization].[grants] ([grant_id], [rank_id], [opr_id]) VALUES (580, 12, 280)

INSERT INTO [authorization].[grants] ([grant_id], [rank_id], [opr_id]) VALUES (581, 12, 281)

INSERT INTO [authorization].[grants] ([grant_id], [rank_id], [opr_id]) VALUES (582, 12, 282)

INSERT INTO [authorization].[grants] ([grant_id], [rank_id], [opr_id]) VALUES (583, 13, 2)

INSERT INTO [authorization].[grants] ([grant_id], [rank_id], [opr_id]) VALUES (584, 13, 111)

INSERT INTO [authorization].[grants] ([grant_id], [rank_id], [opr_id]) VALUES (585, 13, 112)

INSERT INTO [authorization].[grants] ([grant_id], [rank_id], [opr_id]) VALUES (586, 13, 113)

INSERT INTO [authorization].[grants] ([grant_id], [rank_id], [opr_id]) VALUES (587, 13, 114)

INSERT INTO [authorization].[grants] ([grant_id], [rank_id], [opr_id]) VALUES (588, 13, 115)

INSERT INTO [authorization].[grants] ([grant_id], [rank_id], [opr_id]) VALUES (589, 13, 116)

INSERT INTO [authorization].[grants] ([grant_id], [rank_id], [opr_id]) VALUES (590, 13, 117)

INSERT INTO [authorization].[grants] ([grant_id], [rank_id], [opr_id]) VALUES (591, 13, 118)

INSERT INTO [authorization].[grants] ([grant_id], [rank_id], [opr_id]) VALUES (592, 13, 119)

INSERT INTO [authorization].[grants] ([grant_id], [rank_id], [opr_id]) VALUES (593, 13, 120)

INSERT INTO [authorization].[grants] ([grant_id], [rank_id], [opr_id]) VALUES (594, 13, 121)

INSERT INTO [authorization].[grants] ([grant_id], [rank_id], [opr_id]) VALUES (595, 13, 122)

INSERT INTO [authorization].[grants] ([grant_id], [rank_id], [opr_id]) VALUES (596, 13, 123)

INSERT INTO [authorization].[grants] ([grant_id], [rank_id], [opr_id]) VALUES (597, 13, 124)

INSERT INTO [authorization].[grants] ([grant_id], [rank_id], [opr_id]) VALUES (598, 13, 125)

INSERT INTO [authorization].[grants] ([grant_id], [rank_id], [opr_id]) VALUES (599, 13, 126)

INSERT INTO [authorization].[grants] ([grant_id], [rank_id], [opr_id]) VALUES (600, 13, 127)

INSERT INTO [authorization].[grants] ([grant_id], [rank_id], [opr_id]) VALUES (601, 13, 128)

INSERT INTO [authorization].[grants] ([grant_id], [rank_id], [opr_id]) VALUES (602, 13, 129)

INSERT INTO [authorization].[grants] ([grant_id], [rank_id], [opr_id]) VALUES (603, 13, 130)

INSERT INTO [authorization].[grants] ([grant_id], [rank_id], [opr_id]) VALUES (604, 13, 131)

INSERT INTO [authorization].[grants] ([grant_id], [rank_id], [opr_id]) VALUES (605, 13, 132)

INSERT INTO [authorization].[grants] ([grant_id], [rank_id], [opr_id]) VALUES (606, 13, 133)

INSERT INTO [authorization].[grants] ([grant_id], [rank_id], [opr_id]) VALUES (607, 13, 134)

INSERT INTO [authorization].[grants] ([grant_id], [rank_id], [opr_id]) VALUES (608, 13, 135)

INSERT INTO [authorization].[grants] ([grant_id], [rank_id], [opr_id]) VALUES (609, 13, 136)

INSERT INTO [authorization].[grants] ([grant_id], [rank_id], [opr_id]) VALUES (610, 13, 137)

INSERT INTO [authorization].[grants] ([grant_id], [rank_id], [opr_id]) VALUES (611, 13, 138)

INSERT INTO [authorization].[grants] ([grant_id], [rank_id], [opr_id]) VALUES (612, 13, 139)

INSERT INTO [authorization].[grants] ([grant_id], [rank_id], [opr_id]) VALUES (613, 13, 140)

INSERT INTO [authorization].[grants] ([grant_id], [rank_id], [opr_id]) VALUES (614, 13, 141)

INSERT INTO [authorization].[grants] ([grant_id], [rank_id], [opr_id]) VALUES (615, 13, 142)

INSERT INTO [authorization].[grants] ([grant_id], [rank_id], [opr_id]) VALUES (616, 13, 175)

INSERT INTO [authorization].[grants] ([grant_id], [rank_id], [opr_id]) VALUES (617, 13, 176)

INSERT INTO [authorization].[grants] ([grant_id], [rank_id], [opr_id]) VALUES (618, 13, 254)

INSERT INTO [authorization].[grants] ([grant_id], [rank_id], [opr_id]) VALUES (619, 13, 255)

INSERT INTO [authorization].[grants] ([grant_id], [rank_id], [opr_id]) VALUES (620, 13, 256)

INSERT INTO [authorization].[grants] ([grant_id], [rank_id], [opr_id]) VALUES (621, 13, 259)

INSERT INTO [authorization].[grants] ([grant_id], [rank_id], [opr_id]) VALUES (622, 13, 279)

INSERT INTO [authorization].[grants] ([grant_id], [rank_id], [opr_id]) VALUES (623, 13, 280)

INSERT INTO [authorization].[grants] ([grant_id], [rank_id], [opr_id]) VALUES (624, 13, 281)

INSERT INTO [authorization].[grants] ([grant_id], [rank_id], [opr_id]) VALUES (625, 13, 282)

INSERT INTO [authorization].[grants] ([grant_id], [rank_id], [opr_id]) VALUES (626, 14, 2)

INSERT INTO [authorization].[grants] ([grant_id], [rank_id], [opr_id]) VALUES (627, 14, 219)

INSERT INTO [authorization].[grants] ([grant_id], [rank_id], [opr_id]) VALUES (628, 14, 222)

INSERT INTO [authorization].[grants] ([grant_id], [rank_id], [opr_id]) VALUES (629, 14, 225)

INSERT INTO [authorization].[grants] ([grant_id], [rank_id], [opr_id]) VALUES (630, 14, 228)

INSERT INTO [authorization].[grants] ([grant_id], [rank_id], [opr_id]) VALUES (631, 14, 231)

INSERT INTO [authorization].[grants] ([grant_id], [rank_id], [opr_id]) VALUES (632, 14, 234)

INSERT INTO [authorization].[grants] ([grant_id], [rank_id], [opr_id]) VALUES (633, 14, 243)

INSERT INTO [authorization].[grants] ([grant_id], [rank_id], [opr_id]) VALUES (634, 14, 244)

INSERT INTO [authorization].[grants] ([grant_id], [rank_id], [opr_id]) VALUES (635, 14, 245)

INSERT INTO [authorization].[grants] ([grant_id], [rank_id], [opr_id]) VALUES (636, 14, 246)

INSERT INTO [authorization].[grants] ([grant_id], [rank_id], [opr_id]) VALUES (637, 14, 247)

INSERT INTO [authorization].[grants] ([grant_id], [rank_id], [opr_id]) VALUES (638, 14, 248)

INSERT INTO [authorization].[grants] ([grant_id], [rank_id], [opr_id]) VALUES (639, 14, 256)

INSERT INTO [authorization].[grants] ([grant_id], [rank_id], [opr_id]) VALUES (640, 14, 259)

INSERT INTO [authorization].[grants] ([grant_id], [rank_id], [opr_id]) VALUES (641, 15, 2)

INSERT INTO [authorization].[grants] ([grant_id], [rank_id], [opr_id]) VALUES (642, 15, 73)

INSERT INTO [authorization].[grants] ([grant_id], [rank_id], [opr_id]) VALUES (643, 15, 74)

INSERT INTO [authorization].[grants] ([grant_id], [rank_id], [opr_id]) VALUES (644, 15, 82)

INSERT INTO [authorization].[grants] ([grant_id], [rank_id], [opr_id]) VALUES (645, 15, 206)

INSERT INTO [authorization].[grants] ([grant_id], [rank_id], [opr_id]) VALUES (646, 15, 207)

INSERT INTO [authorization].[grants] ([grant_id], [rank_id], [opr_id]) VALUES (647, 15, 249)

INSERT INTO [authorization].[grants] ([grant_id], [rank_id], [opr_id]) VALUES (648, 15, 250)

INSERT INTO [authorization].[grants] ([grant_id], [rank_id], [opr_id]) VALUES (649, 15, 251)

INSERT INTO [authorization].[grants] ([grant_id], [rank_id], [opr_id]) VALUES (650, 15, 252)

INSERT INTO [authorization].[grants] ([grant_id], [rank_id], [opr_id]) VALUES (651, 15, 253)

INSERT INTO [authorization].[grants] ([grant_id], [rank_id], [opr_id]) VALUES (652, 15, 256)

INSERT INTO [authorization].[grants] ([grant_id], [rank_id], [opr_id]) VALUES (653, 15, 259)

INSERT INTO [authorization].[grants] ([grant_id], [rank_id], [opr_id]) VALUES (654, 15, 260)

INSERT INTO [authorization].[grants] ([grant_id], [rank_id], [opr_id]) VALUES (655, 15, 263)

INSERT INTO [authorization].[grants] ([grant_id], [rank_id], [opr_id]) VALUES (656, 15, 264)

INSERT INTO [authorization].[grants] ([grant_id], [rank_id], [opr_id]) VALUES (657, 15, 265)

INSERT INTO [authorization].[grants] ([grant_id], [rank_id], [opr_id]) VALUES (658, 15, 266)

INSERT INTO [authorization].[grants] ([grant_id], [rank_id], [opr_id]) VALUES (659, 15, 269)

INSERT INTO [authorization].[grants] ([grant_id], [rank_id], [opr_id]) VALUES (660, 15, 283)

INSERT INTO [authorization].[grants] ([grant_id], [rank_id], [opr_id]) VALUES (661, 15, 286)

INSERT INTO [authorization].[grants] ([grant_id], [rank_id], [opr_id]) VALUES (662, 15, 287)

INSERT INTO [authorization].[grants] ([grant_id], [rank_id], [opr_id]) VALUES (663, 15, 288)

INSERT INTO [authorization].[grants] ([grant_id], [rank_id], [opr_id]) VALUES (664, 15, 293)

INSERT INTO [authorization].[grants] ([grant_id], [rank_id], [opr_id]) VALUES (665, 15, 294)

INSERT INTO [authorization].[grants] ([grant_id], [rank_id], [opr_id]) VALUES (666, 15, 300)

INSERT INTO [authorization].[grants] ([grant_id], [rank_id], [opr_id]) VALUES (667, 15, 301)

INSERT INTO [authorization].[grants] ([grant_id], [rank_id], [opr_id]) VALUES (668, 15, 302)

INSERT INTO [authorization].[grants] ([grant_id], [rank_id], [opr_id]) VALUES (669, 15, 303)

INSERT INTO [authorization].[grants] ([grant_id], [rank_id], [opr_id]) VALUES (670, 15, 304)

INSERT INTO [authorization].[grants] ([grant_id], [rank_id], [opr_id]) VALUES (671, 15, 305)

INSERT INTO [authorization].[grants] ([grant_id], [rank_id], [opr_id]) VALUES (672, 15, 307)

INSERT INTO [authorization].[attributes] ([atr_id], [grant_id], [code], [value]) VALUES (1, 266, N'source_system_cd', N'CYP')

INSERT INTO [authorization].[attributes] ([atr_id], [grant_id], [code], [value]) VALUES (2, 266, N'source_system_cd', N'QDT')

INSERT INTO [authorization].[attributes] ([atr_id], [grant_id], [code], [value]) VALUES (3, 266, N'source_system_cd', N'QUK')

INSERT INTO [authorization].[attributes] ([atr_id], [grant_id], [code], [value]) VALUES (4, 266, N'source_system_cd', N'SSB')

INSERT INTO [authorization].[attributes] ([atr_id], [grant_id], [code], [value]) VALUES (5, 485, N'source_system_cd', N'QDT')

INSERT INTO [authorization].[attributes] ([atr_id], [grant_id], [code], [value]) VALUES (6, 529, N'source_system_cd', N'QUK')

INSERT INTO [authorization].[attributes] ([atr_id], [grant_id], [code], [value]) VALUES (7, 573, N'source_system_cd', N'CYP')

INSERT INTO [authorization].[attributes] ([atr_id], [grant_id], [code], [value]) VALUES (8, 616, N'source_system_cd', N'SSB')

